photo,clicked,time_on_page,num_followup_clicks,rating_of_photo,interest_score,device_type,time_of_day,booked_info_session,shared_email,saved_photo
Night Glow,0,13.8,0,8.1,6.76,desktop,afternoon,0,1,0
Night Glow,0,18.8,0,7.3,6.42,mobile,morning,0,0,0
Night Glow,0,9.9,0,7.8,6.34,mobile,afternoon,0,0,0
Night Glow,0,7.9,0,7.4,5.95,desktop,afternoon,0,0,0
Night Glow,1,73.0,2,7.4,16.7,mobile,afternoon,0,0,0
Night Glow,0,15.0,0,10.0,8.25,mobile,evening,1,1,0
Night Glow,1,89.4,1,8.2,16.87,mobile,evening,1,1,0
Night Glow,0,7.1,0,6.9,5.53,mobile,afternoon,1,0,1
Night Glow,0,17.9,0,8.8,7.5,mobile,evening,0,0,0
Night Glow,0,18.8,0,6.9,6.12,mobile,evening,0,0,0
Night Glow,0,19.2,0,7.7,6.74,desktop,morning,0,0,0
Night Glow,0,14.6,0,10.0,8.23,mobile,morning,0,0,0
Night Glow,0,7.9,0,8.9,7.07,mobile,afternoon,1,0,0
Night Glow,0,15.1,0,7.5,6.38,mobile,afternoon,0,0,0
Night Glow,0,16.3,0,8.5,7.19,desktop,morning,0,0,0
Night Glow,0,15.9,0,8.7,7.32,desktop,afternoon,0,0,0
Night Glow,0,13.0,0,7.7,6.43,mobile,morning,0,0,0
Night Glow,0,14.2,0,7.3,6.18,mobile,evening,0,0,0
Night Glow,0,11.7,0,7.9,6.51,mobile,afternoon,0,0,0
Night Glow,1,79.8,2,8.1,17.56,mobile,morning,0,0,0
Night Glow,0,10.0,0,7.3,5.97,desktop,evening,0,0,0
Night Glow,0,12.5,0,7.1,5.95,mobile,evening,0,0,1
Night Glow,0,11.1,0,7.7,6.33,mobile,afternoon,0,0,0
Night Glow,0,8.8,0,8.2,6.59,tablet,evening,0,0,0
Night Glow,1,90.0,1,8.2,16.9,desktop,evening,1,0,0
Night Glow,0,11.4,0,7.0,5.82,mobile,evening,0,0,0
Night Glow,0,19.8,0,8.3,7.22,mobile,evening,0,0,0
Night Glow,0,24.5,0,7.8,7.07,mobile,afternoon,0,0,0
Night Glow,0,13.7,0,10.0,8.19,desktop,afternoon,0,0,0
Night Glow,0,10.7,0,7.8,6.38,mobile,morning,1,0,0
Night Glow,1,68.1,2,6.8,16.0,tablet,evening,0,0,0
Night Glow,0,15.5,0,8.6,7.22,mobile,evening,1,0,0
Night Glow,0,19.5,0,7.4,6.53,desktop,evening,0,0,0
Night Glow,0,16.3,0,9.2,7.71,mobile,afternoon,0,0,0
Night Glow,0,15.8,0,7.1,6.11,mobile,evening,0,0,0
Night Glow,0,12.3,0,7.0,5.87,desktop,evening,0,0,0
Night Glow,0,26.9,0,9.7,8.62,mobile,evening,0,0,0
Night Glow,0,19.1,0,6.9,6.13,mobile,afternoon,1,0,1
Night Glow,0,11.1,0,9.0,7.3,mobile,evening,0,0,0
Night Glow,0,13.4,0,8.6,7.12,desktop,afternoon,0,0,0
Night Glow,0,13.8,0,9.3,7.67,mobile,evening,0,0,0
Night Glow,0,10.3,0,9.4,7.57,mobile,evening,0,0,0
Night Glow,0,17.0,0,8.4,7.15,tablet,morning,0,0,0
Night Glow,0,15.3,0,7.9,6.69,mobile,afternoon,0,0,0
Night Glow,1,75.3,2,7.8,17.12,mobile,morning,0,0,0
Night Glow,0,19.2,0,8.7,7.48,mobile,morning,0,0,0
Night Glow,0,14.9,0,8.3,6.97,mobile,evening,0,0,0
Night Glow,0,12.0,0,8.7,7.12,tablet,evening,0,0,0
Night Glow,0,18.4,0,7.7,6.7,desktop,evening,0,0,0
Night Glow,0,14.3,0,6.6,5.66,mobile,morning,0,0,0
Night Glow,0,14.9,0,7.1,6.07,mobile,evening,0,0,0
Night Glow,0,11.6,0,7.9,6.51,mobile,afternoon,0,0,0
Night Glow,0,12.6,0,7.6,6.33,mobile,morning,0,0,1
Night Glow,0,8.0,0,7.1,5.72,mobile,evening,0,0,0
Night Glow,1,84.6,0,6.8,14.33,mobile,afternoon,0,0,0
Night Glow,0,14.8,0,8.2,6.89,desktop,evening,0,0,0
Night Glow,0,15.3,0,8.7,7.29,desktop,evening,0,0,0
Night Glow,0,15.3,0,9.3,7.74,mobile,afternoon,0,0,0
Night Glow,1,82.8,2,8.0,17.64,mobile,morning,0,0,1
Night Glow,1,74.5,2,8.6,17.67,mobile,afternoon,0,1,1
Night Glow,1,99.8,3,9.0,20.49,mobile,afternoon,0,1,0
Night Glow,0,13.6,0,8.1,6.75,desktop,evening,0,0,0
Night Glow,0,14.5,0,7.9,6.65,mobile,evening,0,1,0
Night Glow,0,16.5,0,7.0,6.08,mobile,afternoon,0,0,0
Night Glow,0,20.3,0,8.8,7.62,mobile,evening,0,0,0
Night Glow,0,13.5,0,8.2,6.82,mobile,morning,0,0,0
Night Glow,0,22.4,0,8.4,7.42,mobile,evening,0,0,0
Night Glow,0,13.3,0,8.5,7.04,mobile,afternoon,0,0,0
Night Glow,0,19.9,0,8.1,7.07,desktop,morning,0,0,1
Night Glow,0,19.0,0,8.3,7.18,mobile,afternoon,0,0,0
Night Glow,0,9.5,0,8.4,6.78,tablet,morning,0,0,0
Night Glow,0,13.5,0,6.9,5.85,mobile,afternoon,1,0,0
Night Glow,0,15.3,0,6.0,5.27,desktop,evening,0,0,0
Night Glow,0,15.2,0,8.3,6.99,mobile,morning,0,0,0
Night Glow,0,26.9,0,7.4,6.9,desktop,afternoon,0,0,0
Night Glow,0,4.0,0,8.1,6.27,tablet,evening,0,0,0
Night Glow,0,10.9,0,7.0,5.79,mobile,morning,0,0,0
Night Glow,0,14.8,0,8.3,6.97,desktop,evening,0,0,0
Night Glow,0,26.9,0,8.5,7.72,mobile,morning,0,0,0
Night Glow,0,22.9,0,6.6,6.09,desktop,evening,0,0,0
Night Glow,0,12.7,0,7.2,6.04,mobile,morning,0,0,0
Night Glow,0,12.9,0,6.0,5.14,mobile,afternoon,0,0,0
Night Glow,1,89.7,1,8.2,16.88,mobile,afternoon,0,0,0
Night Glow,0,16.0,0,7.0,6.05,mobile,morning,0,0,0
Night Glow,0,7.4,0,8.1,6.44,mobile,evening,0,0,0
Night Glow,0,16.3,0,7.5,6.44,tablet,morning,0,0,0
Night Glow,0,6.1,0,7.1,5.63,mobile,afternoon,0,0,0
Night Glow,0,15.4,0,7.7,6.54,mobile,morning,0,0,0
Night Glow,0,17.7,0,7.9,6.81,desktop,afternoon,0,0,0
Night Glow,0,16.8,0,6.6,5.79,mobile,evening,0,0,0
Night Glow,0,13.8,0,8.8,7.29,mobile,morning,0,0,1
Night Glow,0,15.5,0,7.0,6.03,desktop,morning,1,0,0
Night Glow,1,75.3,1,8.6,16.46,mobile,evening,1,0,1
Night Glow,0,17.0,0,8.7,7.38,desktop,morning,0,0,0
Night Glow,0,21.9,0,8.1,7.17,tablet,morning,0,0,0
Night Glow,0,16.4,0,6.4,5.62,mobile,morning,0,0,0
Night Glow,0,14.0,0,8.3,6.93,tablet,morning,0,0,0
Night Glow,0,18.0,0,7.3,6.38,tablet,afternoon,0,0,0
Night Glow,0,27.7,0,8.0,7.38,desktop,morning,0,0,0
Night Glow,0,14.3,0,7.8,6.56,tablet,afternoon,1,0,0
Night Glow,0,7.5,0,7.3,5.85,desktop,morning,0,0,0
Night Glow,1,82.0,2,7.3,17.08,mobile,evening,0,1,0
Night Glow,0,15.1,0,7.9,6.68,mobile,afternoon,0,0,0
Night Glow,0,14.3,0,7.2,6.12,mobile,evening,0,0,0
Night Glow,0,21.2,0,6.0,5.56,mobile,afternoon,0,0,0
Night Glow,0,13.1,0,7.4,6.21,desktop,morning,0,0,0
Night Glow,0,18.6,0,6.7,5.96,desktop,afternoon,0,0,0
Night Glow,0,17.4,0,8.5,7.25,mobile,morning,0,0,0
Night Glow,0,18.0,0,7.7,6.68,mobile,evening,0,0,0
Night Glow,0,8.7,0,6.8,5.53,mobile,afternoon,0,0,0
Night Glow,0,4.6,0,9.3,7.21,desktop,morning,0,0,0
Night Glow,0,14.5,0,7.9,6.65,desktop,afternoon,0,0,0
Night Glow,0,8.3,0,8.5,6.79,mobile,morning,0,0,0
Night Glow,0,14.1,0,7.7,6.48,mobile,evening,0,0,0
Night Glow,0,16.3,0,9.1,7.64,desktop,afternoon,0,0,0
Night Glow,0,20.1,0,7.3,6.48,mobile,morning,0,0,0
Night Glow,0,11.9,0,6.4,5.4,mobile,morning,0,0,0
Night Glow,0,8.2,0,8.3,6.64,mobile,morning,0,0,0
Night Glow,0,12.1,0,8.7,7.13,mobile,morning,0,0,0
Night Glow,0,14.5,0,8.3,6.95,mobile,afternoon,0,0,0
Night Glow,0,18.2,0,8.8,7.51,mobile,afternoon,0,0,0
Night Glow,0,7.1,0,7.9,6.28,tablet,afternoon,0,0,0
Night Glow,0,17.8,0,9.0,7.64,mobile,evening,0,0,0
Night Glow,1,94.2,1,8.2,17.11,mobile,evening,0,0,1
Night Glow,0,9.6,0,8.6,6.93,mobile,morning,0,0,0
Night Glow,0,18.4,0,7.8,6.77,mobile,morning,0,0,0
Night Glow,0,21.3,0,7.0,6.32,mobile,morning,0,0,0
Night Glow,0,12.8,0,8.3,6.87,mobile,evening,1,0,0
Night Glow,0,15.4,0,8.5,7.14,tablet,evening,0,0,0
Night Glow,1,113.2,2,7.3,18.63,desktop,evening,1,0,0
Night Glow,0,5.3,0,6.5,5.14,mobile,afternoon,0,0,0
Night Glow,0,18.4,0,9.4,7.97,mobile,morning,0,1,0
Night Glow,1,108.3,1,8.9,18.34,mobile,morning,1,0,0
Night Glow,0,12.0,0,7.1,5.92,mobile,afternoon,0,0,0
Night Glow,0,11.5,0,7.9,6.5,desktop,evening,0,0,0
Night Glow,0,19.7,0,8.5,7.36,mobile,evening,0,0,0
Night Glow,0,19.4,0,6.7,6.0,mobile,afternoon,0,0,0
Night Glow,0,15.0,0,4.7,4.28,desktop,evening,0,0,0
Night Glow,0,6.8,0,8.3,6.57,desktop,morning,0,0,0
Night Glow,0,16.5,0,8.5,7.2,desktop,evening,0,0,0
Night Glow,0,13.1,0,6.9,5.83,desktop,morning,0,0,0
Night Glow,0,17.5,0,8.1,6.95,mobile,evening,0,0,0
Night Glow,0,22.5,0,8.1,7.2,desktop,morning,0,1,0
Night Glow,0,13.0,0,8.0,6.65,tablet,morning,0,0,0
Night Glow,0,6.0,0,8.5,6.67,mobile,evening,0,1,1
Night Glow,0,15.6,0,7.9,6.71,tablet,morning,1,0,0
Night Glow,0,18.7,0,8.2,7.08,mobile,morning,0,0,0
Night Glow,0,13.0,0,8.6,7.1,mobile,evening,0,0,0
Night Glow,0,13.9,0,6.9,5.87,mobile,evening,0,0,0
Night Glow,1,97.7,2,7.2,17.79,mobile,evening,0,0,1
Night Glow,0,16.7,0,8.4,7.14,mobile,evening,0,0,0
Night Glow,0,17.2,0,8.2,7.01,mobile,morning,0,0,0
Night Glow,0,11.6,0,9.2,7.48,mobile,evening,0,0,0
Night Glow,0,7.8,0,6.8,5.49,mobile,evening,0,0,0
Night Glow,0,7.1,0,8.6,6.8,mobile,afternoon,0,0,0
Night Glow,0,17.1,0,7.5,6.48,desktop,afternoon,0,0,0
Night Glow,0,16.0,0,6.1,5.37,desktop,afternoon,0,0,0
Night Glow,0,11.6,0,9.4,7.63,mobile,morning,0,0,0
Night Glow,0,22.0,0,8.5,7.47,desktop,evening,0,0,0
Night Glow,0,11.8,0,8.4,6.89,mobile,afternoon,0,0,0
Night Glow,0,25.4,0,7.7,7.04,mobile,morning,0,0,0
Night Glow,0,16.0,0,7.6,6.5,mobile,morning,0,0,0
Night Glow,0,14.9,0,10.0,8.25,tablet,morning,0,1,1
Night Glow,0,17.2,0,8.0,6.86,tablet,afternoon,0,0,0
Night Glow,0,17.0,0,8.2,7.0,mobile,afternoon,1,0,1
Night Glow,0,22.9,0,8.3,7.37,mobile,morning,0,0,0
Night Glow,0,14.1,0,8.7,7.23,desktop,evening,0,0,0
Night Glow,0,7.1,0,7.4,5.91,desktop,afternoon,0,0,0
Night Glow,0,14.9,0,8.9,7.42,mobile,afternoon,1,0,0
Night Glow,0,13.1,0,7.2,6.06,mobile,afternoon,0,0,0
Night Glow,0,12.7,0,8.1,6.71,mobile,evening,0,0,0
Night Glow,0,17.4,0,8.5,7.25,tablet,evening,0,0,0
Night Glow,0,13.3,0,7.4,6.22,mobile,afternoon,0,0,0
Night Glow,0,25.4,0,7.5,6.89,mobile,evening,0,0,0
Night Glow,1,99.7,2,7.7,18.26,mobile,morning,0,0,0
Night Glow,0,17.3,0,7.2,6.27,desktop,morning,0,0,0
Night Glow,0,16.4,0,7.6,6.52,desktop,morning,0,0,0
Night Glow,1,81.7,4,9.1,20.91,tablet,afternoon,1,0,0
Night Glow,0,16.5,0,7.2,6.23,desktop,evening,0,0,0
Night Glow,0,16.6,0,7.9,6.76,mobile,afternoon,0,0,0
Night Glow,0,13.5,0,8.9,7.35,desktop,morning,0,0,0
Night Glow,0,15.6,0,8.8,7.38,mobile,morning,0,0,0
Night Glow,0,23.2,0,8.4,7.46,mobile,evening,0,0,0
Night Glow,0,26.3,0,6.2,5.97,desktop,morning,0,0,0
Night Glow,0,18.0,0,8.7,7.42,desktop,afternoon,0,0,0
Night Glow,1,90.6,1,6.4,15.58,desktop,morning,0,0,1
Night Glow,0,19.6,0,6.2,5.63,mobile,morning,1,0,0
Night Glow,0,19.7,0,7.5,6.61,mobile,morning,0,0,0
Night Glow,0,14.9,0,8.3,6.97,mobile,evening,0,0,1
Night Glow,0,21.8,0,7.8,6.94,desktop,morning,0,0,0
Night Glow,0,8.8,0,7.0,5.69,mobile,morning,0,0,0
Night Glow,0,19.5,0,7.7,6.75,mobile,morning,1,0,0
Night Glow,0,14.1,0,7.7,6.48,mobile,morning,0,0,0
Night Glow,0,14.3,0,8.5,7.09,mobile,afternoon,0,0,0
Night Glow,0,23.4,0,7.6,6.87,mobile,evening,0,0,0
Night Glow,1,117.6,1,6.9,17.3,mobile,evening,0,0,0
Night Glow,0,16.2,0,6.7,5.84,mobile,evening,0,0,0
Night Glow,0,19.2,0,9.2,7.86,desktop,morning,0,0,0
Night Glow,1,95.8,1,7.1,16.36,mobile,morning,1,0,0
Night Glow,0,10.5,0,6.8,5.62,tablet,evening,0,0,0
Night Glow,0,26.6,0,8.2,7.48,mobile,afternoon,0,0,0
Night Glow,0,13.5,0,6.8,5.77,mobile,evening,0,0,0
Night Glow,0,9.5,0,6.2,5.12,tablet,evening,1,0,1
Night Glow,0,27.5,0,7.9,7.3,tablet,evening,0,0,0
Night Glow,0,11.7,0,8.5,6.96,desktop,evening,1,0,0
Night Glow,1,69.9,2,9.7,18.27,mobile,afternoon,1,0,0
Night Glow,0,13.1,0,7.2,6.06,tablet,evening,0,0,0
Night Glow,0,15.3,0,7.8,6.62,mobile,evening,0,0,0
Night Glow,0,11.6,0,7.5,6.21,mobile,afternoon,0,0,0
Night Glow,0,12.9,0,7.6,6.34,mobile,afternoon,0,0,0
Night Glow,0,17.5,0,9.3,7.85,mobile,evening,0,0,0
Night Glow,0,14.0,0,8.7,7.22,mobile,morning,0,0,0
Night Glow,0,13.0,0,8.1,6.72,mobile,evening,0,0,0
Night Glow,0,11.0,0,7.0,5.8,mobile,afternoon,0,0,0
Night Glow,0,9.0,0,8.2,6.6,tablet,evening,0,0,0
Night Glow,0,10.7,0,8.1,6.61,mobile,afternoon,0,0,0
Night Glow,0,7.0,0,7.5,5.97,mobile,morning,0,0,0
Night Glow,0,19.6,0,7.4,6.53,mobile,afternoon,0,0,0
Night Glow,0,13.9,0,8.0,6.7,mobile,evening,1,0,0
Night Glow,1,75.9,2,8.6,17.74,mobile,afternoon,0,0,0
Night Glow,0,20.9,0,8.7,7.57,desktop,morning,0,0,0
Night Glow,0,11.2,0,9.1,7.38,mobile,morning,1,0,0
Night Glow,1,72.1,6,8.7,22.63,mobile,afternoon,0,0,0
Night Glow,0,13.9,0,8.3,6.92,desktop,evening,0,0,0
Night Glow,1,58.2,5,8.9,20.84,mobile,morning,1,0,0
Night Glow,0,14.3,0,8.1,6.79,mobile,evening,0,0,0
Night Glow,0,19.1,0,8.3,7.18,desktop,evening,1,0,0
Night Glow,0,7.5,0,6.3,5.1,mobile,morning,0,0,0
Night Glow,0,11.9,0,8.1,6.67,desktop,afternoon,0,0,1
Night Glow,0,14.9,0,8.7,7.27,mobile,morning,1,0,0
Night Glow,0,12.4,0,7.0,5.87,mobile,morning,0,0,0
Night Glow,0,22.3,0,6.3,5.84,tablet,morning,0,0,0
Night Glow,1,68.7,4,5.6,17.63,desktop,afternoon,0,0,0
Night Glow,0,21.3,0,7.4,6.62,tablet,evening,0,0,0
Night Glow,0,20.1,0,8.5,7.38,desktop,morning,0,0,0
Night Glow,0,12.2,0,8.7,7.13,mobile,morning,0,0,0
Night Glow,0,11.4,0,6.3,5.29,mobile,afternoon,0,0,1
Night Glow,1,82.6,3,7.3,18.35,mobile,evening,1,0,0
Night Glow,0,12.6,0,6.9,5.81,desktop,afternoon,0,0,0
Night Glow,0,6.2,0,8.0,6.31,mobile,evening,0,0,0
Night Glow,0,14.9,0,9.7,8.02,desktop,afternoon,0,0,0
Night Glow,0,12.7,0,8.8,7.24,mobile,evening,1,0,0
Night Glow,0,10.6,0,7.0,5.78,mobile,afternoon,0,0,0
Night Glow,0,16.8,0,7.6,6.54,tablet,afternoon,0,0,0
Night Glow,0,2.9,0,8.7,6.67,mobile,morning,0,0,1
Night Glow,0,13.6,0,6.3,5.4,mobile,morning,0,1,0
Night Glow,0,16.5,0,6.8,5.92,desktop,morning,0,0,0
Night Glow,0,14.8,0,7.0,5.99,mobile,evening,0,0,0
Night Glow,0,17.1,0,8.5,7.23,mobile,afternoon,0,0,0
Night Glow,0,13.2,0,8.4,6.96,mobile,morning,0,0,0
Night Glow,0,15.1,0,7.1,6.08,mobile,afternoon,0,0,0
Night Glow,0,21.9,0,7.1,6.42,mobile,morning,0,0,0
Night Glow,0,13.5,0,6.8,5.77,mobile,evening,0,0,0
Night Glow,0,14.6,0,7.8,6.58,tablet,afternoon,0,1,0
Night Glow,0,19.6,0,7.9,6.91,mobile,afternoon,0,0,0
Night Glow,0,20.4,0,7.9,6.95,tablet,evening,0,0,0
Night Glow,1,78.3,2,7.4,16.96,desktop,afternoon,0,0,1
Night Glow,0,9.2,0,8.2,6.61,mobile,afternoon,0,1,0
Night Glow,0,9.1,0,7.6,6.15,mobile,evening,0,0,0
Night Glow,0,13.7,0,7.4,6.24,mobile,morning,0,0,0
Night Glow,0,13.5,0,6.2,5.33,tablet,evening,1,0,0
Night Glow,0,21.5,0,7.9,7.0,tablet,morning,0,0,0
Night Glow,0,11.7,0,6.4,5.39,mobile,morning,0,0,0
Night Glow,0,21.3,0,7.8,6.92,tablet,evening,0,0,0
Night Glow,0,13.0,0,8.0,6.65,mobile,morning,0,0,0
Night Glow,0,18.9,0,8.2,7.09,mobile,evening,0,0,0
Night Glow,0,8.9,0,8.6,6.89,mobile,evening,0,0,0
Night Glow,0,18.3,0,8.2,7.06,mobile,morning,1,1,0
Caribbean Port,0,13.9,0,7.8,6.54,mobile,afternoon,0,0,0
Caribbean Port,0,19.4,0,7.1,6.29,mobile,evening,0,0,0
Caribbean Port,1,10.4,0,7.6,11.22,desktop,evening,0,0,0
Caribbean Port,0,7.0,0,8.1,6.42,tablet,evening,0,0,0
Caribbean Port,0,93.6,2,8.2,13.33,mobile,morning,0,0,1
Caribbean Port,0,15.4,0,8.4,7.07,mobile,afternoon,0,0,0
Caribbean Port,1,19.9,0,7.9,11.92,mobile,evening,0,0,0
Caribbean Port,0,11.7,0,6.0,5.08,desktop,evening,0,0,0
Caribbean Port,0,23.1,0,8.6,7.6,tablet,morning,0,0,0
Caribbean Port,0,13.8,0,6.8,5.79,mobile,evening,0,0,1
Caribbean Port,0,15.2,0,8.9,7.44,desktop,morning,0,0,0
Caribbean Port,0,11.9,0,7.5,6.22,mobile,morning,0,0,1
Caribbean Port,0,8.0,0,7.4,5.95,mobile,morning,0,0,0
Caribbean Port,0,13.5,0,6.9,5.85,mobile,evening,0,0,0
Caribbean Port,0,14.2,0,8.0,6.71,mobile,afternoon,0,0,0
Caribbean Port,0,20.4,0,7.5,6.64,mobile,afternoon,0,0,1
Caribbean Port,0,11.5,0,6.3,5.3,mobile,afternoon,0,0,0
Caribbean Port,1,7.1,0,8.2,11.5,mobile,morning,0,0,0
Caribbean Port,1,12.6,0,7.6,11.33,tablet,morning,0,0,0
Caribbean Port,0,13.7,0,6.8,5.79,mobile,morning,0,0,0
Caribbean Port,0,14.3,0,7.6,6.41,desktop,evening,0,0,1
Caribbean Port,1,9.5,0,8.6,11.92,desktop,morning,0,0,0
Caribbean Port,0,104.1,1,7.7,12.23,mobile,afternoon,1,0,0
Caribbean Port,0,14.8,0,7.3,6.21,mobile,morning,0,0,0
Caribbean Port,0,15.8,0,6.7,5.82,desktop,evening,0,0,0
Caribbean Port,0,72.1,2,8.9,12.78,mobile,afternoon,1,0,1
Caribbean Port,1,5.9,0,6.9,10.47,desktop,evening,0,0,0
Caribbean Port,0,10.1,0,8.7,7.03,desktop,evening,0,0,0
Caribbean Port,0,65.7,0,7.2,8.69,tablet,morning,0,0,0
Caribbean Port,0,6.6,0,6.9,5.51,desktop,morning,0,0,0
Caribbean Port,0,14.9,0,7.7,6.52,mobile,evening,0,0,0
Caribbean Port,0,17.7,0,7.5,6.51,desktop,afternoon,0,0,0
Caribbean Port,0,13.7,0,8.8,7.29,mobile,morning,0,0,0
Caribbean Port,0,98.9,5,7.2,16.59,desktop,afternoon,0,0,0
Caribbean Port,0,23.7,0,9.3,8.16,desktop,evening,0,0,0
Caribbean Port,0,11.1,0,7.0,5.8,desktop,morning,0,0,0
Caribbean Port,0,45.4,1,8.1,9.59,tablet,afternoon,0,0,0
Caribbean Port,1,20.5,0,9.1,12.85,mobile,morning,0,0,0
Caribbean Port,0,28.2,0,6.3,6.13,mobile,evening,0,1,0
Caribbean Port,0,20.4,0,7.6,6.72,desktop,morning,0,0,0
Caribbean Port,1,18.1,0,7.2,11.3,mobile,evening,0,0,0
Caribbean Port,0,107.5,2,7.5,13.5,mobile,afternoon,0,0,0
Caribbean Port,0,28.6,0,7.3,6.9,desktop,evening,0,1,0
Caribbean Port,0,17.1,0,8.7,7.38,mobile,evening,1,0,0
Caribbean Port,0,108.3,1,7.3,12.14,mobile,evening,1,0,0
Caribbean Port,0,24.8,0,7.3,6.71,desktop,evening,0,0,0
Caribbean Port,0,20.7,0,7.1,6.36,desktop,afternoon,0,0,1
Caribbean Port,0,12.3,0,8.2,6.76,mobile,afternoon,0,0,0
Caribbean Port,0,17.1,0,7.0,6.11,mobile,morning,0,0,0
Caribbean Port,0,69.7,1,7.7,10.51,mobile,evening,0,0,0
Caribbean Port,0,15.5,0,7.4,6.33,tablet,afternoon,0,0,1
Caribbean Port,0,12.7,0,7.3,6.11,tablet,afternoon,0,0,0
Caribbean Port,1,14.2,0,6.9,10.89,mobile,afternoon,0,0,0
Caribbean Port,1,14.2,0,8.1,11.79,desktop,afternoon,0,0,0
Caribbean Port,0,15.4,0,7.5,6.39,mobile,afternoon,0,0,0
Caribbean Port,1,15.0,0,8.3,11.98,mobile,afternoon,0,0,0
Caribbean Port,0,9.5,0,8.1,6.55,mobile,evening,0,0,0
Caribbean Port,0,9.2,0,7.6,6.16,mobile,afternoon,0,0,0
Caribbean Port,0,16.7,0,6.7,5.86,mobile,evening,0,0,0
Caribbean Port,1,11.9,0,7.5,11.22,mobile,morning,0,0,0
Caribbean Port,0,10.7,0,8.4,6.84,desktop,morning,0,0,0
Caribbean Port,0,105.5,3,7.0,14.28,mobile,afternoon,1,0,0
Caribbean Port,0,22.8,0,6.4,5.94,desktop,evening,0,0,0
Caribbean Port,0,16.0,0,7.6,6.5,mobile,afternoon,0,0,0
Caribbean Port,0,16.0,0,7.3,6.27,mobile,morning,0,0,0
Caribbean Port,0,28.3,1,7.5,8.29,mobile,afternoon,0,0,0
Caribbean Port,0,21.2,0,7.2,6.46,mobile,afternoon,0,0,0
Caribbean Port,1,13.6,0,7.8,11.53,mobile,morning,0,0,0
Caribbean Port,0,21.4,0,8.1,7.14,mobile,afternoon,0,0,0
Caribbean Port,1,16.0,0,7.4,11.35,mobile,evening,0,0,0
Caribbean Port,0,6.3,0,7.6,6.01,mobile,morning,0,0,0
Caribbean Port,1,13.9,0,5.4,9.75,mobile,evening,0,0,0
Caribbean Port,1,17.7,0,7.5,11.51,mobile,evening,0,0,0
Caribbean Port,1,15.6,0,8.7,12.3,desktop,afternoon,1,0,0
Caribbean Port,1,13.8,0,7.7,11.46,mobile,afternoon,0,0,0
Caribbean Port,0,4.2,0,7.7,5.99,mobile,morning,0,0,0
Caribbean Port,1,18.4,0,8.0,11.92,desktop,evening,0,0,0
Caribbean Port,1,11.3,0,6.9,10.74,tablet,morning,0,0,0
Caribbean Port,1,17.7,0,7.5,11.51,mobile,morning,0,0,0
Caribbean Port,0,16.7,0,6.7,5.86,desktop,morning,0,0,0
Caribbean Port,0,8.5,0,8.8,7.03,mobile,afternoon,0,0,0
Caribbean Port,0,79.7,2,6.0,10.98,mobile,morning,0,0,0
Caribbean Port,0,7.0,0,7.6,6.05,mobile,afternoon,0,0,0
Caribbean Port,0,14.1,0,8.6,7.15,mobile,afternoon,0,0,0
Caribbean Port,1,7.9,0,7.3,10.87,mobile,morning,0,0,1
Caribbean Port,0,12.9,0,8.0,6.64,mobile,morning,1,0,1
Caribbean Port,1,53.0,2,7.9,16.08,desktop,afternoon,0,1,0
Caribbean Port,1,15.1,0,8.0,11.75,mobile,morning,1,0,0
Caribbean Port,0,10.2,0,8.2,6.66,mobile,morning,0,0,0
Caribbean Port,1,15.0,0,8.7,12.27,mobile,afternoon,0,0,0
Caribbean Port,0,97.6,1,6.5,11.0,mobile,evening,1,0,0
Caribbean Port,1,14.9,0,7.1,11.07,mobile,afternoon,0,0,0
Caribbean Port,0,8.3,0,6.2,5.07,mobile,afternoon,0,0,1
Caribbean Port,1,21.0,0,7.0,11.3,desktop,evening,0,0,0
Caribbean Port,1,11.4,0,7.0,10.82,tablet,morning,0,0,0
Caribbean Port,0,16.1,0,7.3,6.28,mobile,evening,0,0,0
Caribbean Port,0,17.7,0,9.6,8.08,tablet,morning,0,0,0
Caribbean Port,0,113.2,2,7.2,13.56,mobile,morning,0,0,0
Caribbean Port,1,32.9,4,7.7,17.42,tablet,afternoon,0,0,1
Caribbean Port,0,12.1,0,6.2,5.26,mobile,evening,0,0,0
Caribbean Port,1,18.5,0,5.5,10.05,desktop,evening,0,1,0
Caribbean Port,0,9.9,0,6.9,5.67,desktop,afternoon,0,0,1
Caribbean Port,0,21.1,0,8.2,7.21,mobile,afternoon,0,0,0
Caribbean Port,0,19.3,0,8.0,6.96,mobile,evening,0,0,0
Caribbean Port,0,22.3,0,6.1,5.69,mobile,evening,0,0,0
Caribbean Port,1,17.4,0,7.0,11.12,mobile,evening,0,0,0
Caribbean Port,0,7.1,0,8.1,6.43,mobile,evening,0,0,0
Caribbean Port,0,3.5,0,7.6,5.87,mobile,evening,0,0,0
Caribbean Port,1,19.1,0,7.4,11.51,mobile,afternoon,0,0,0
Caribbean Port,0,12.3,0,7.9,6.54,desktop,morning,0,0,1
Caribbean Port,1,106.2,3,8.3,20.29,desktop,afternoon,0,0,1
Caribbean Port,1,14.7,0,7.9,11.66,desktop,morning,0,0,0
Caribbean Port,0,24.1,0,7.5,6.83,desktop,morning,0,0,0
Caribbean Port,0,10.0,0,7.3,5.97,mobile,morning,0,0,0
Caribbean Port,0,16.9,0,8.1,6.92,desktop,afternoon,0,0,0
Caribbean Port,0,15.3,0,7.0,6.02,mobile,evening,0,0,0
Caribbean Port,0,21.1,0,6.8,6.15,mobile,afternoon,0,0,0
Caribbean Port,0,24.1,0,7.0,6.46,mobile,evening,0,0,0
Caribbean Port,0,112.7,1,8.4,13.19,mobile,morning,0,0,0
Caribbean Port,1,12.5,0,6.2,10.28,desktop,afternoon,1,0,0
Caribbean Port,0,22.6,0,7.0,6.38,desktop,evening,0,0,0
Caribbean Port,0,10.9,0,7.0,5.79,mobile,morning,0,0,0
Caribbean Port,0,15.4,0,7.8,6.62,mobile,morning,0,0,1
Caribbean Port,0,16.0,0,6.8,5.9,desktop,afternoon,0,0,0
Caribbean Port,0,20.9,0,8.3,7.27,mobile,evening,0,0,0
Caribbean Port,0,13.9,0,7.7,6.47,mobile,evening,0,0,0
Caribbean Port,0,15.2,0,7.3,6.23,desktop,afternoon,0,0,1
Caribbean Port,0,13.1,0,7.8,6.5,tablet,afternoon,0,1,0
Caribbean Port,0,10.7,0,7.4,6.09,tablet,afternoon,0,0,0
Caribbean Port,0,23.4,0,7.1,6.49,mobile,morning,0,0,0
Caribbean Port,0,19.0,0,6.7,5.98,mobile,evening,0,0,0
Caribbean Port,1,11.5,0,6.8,10.68,desktop,evening,0,0,0
Caribbean Port,0,23.1,0,8.3,7.38,mobile,evening,0,0,0
Caribbean Port,0,8.0,0,7.7,6.18,mobile,afternoon,0,0,0
Caribbean Port,0,14.1,0,7.0,5.96,mobile,evening,0,0,0
Caribbean Port,1,19.1,0,7.3,11.43,mobile,evening,0,0,0
Caribbean Port,1,19.2,0,6.7,10.98,mobile,morning,0,0,0
Caribbean Port,1,75.4,0,6.1,13.34,mobile,afternoon,0,0,0
Caribbean Port,1,12.5,0,8.7,12.15,mobile,morning,0,0,0
Caribbean Port,1,19.0,0,7.8,11.8,mobile,evening,0,0,0
Caribbean Port,0,9.6,0,6.8,5.58,mobile,afternoon,0,0,0
Caribbean Port,0,17.4,0,7.9,6.8,mobile,morning,0,0,1
Caribbean Port,0,15.4,0,5.7,5.04,mobile,afternoon,0,0,0
Caribbean Port,0,15.9,0,9.9,8.22,mobile,afternoon,0,0,0
Caribbean Port,0,17.1,0,8.0,6.86,desktop,afternoon,0,0,0
Caribbean Port,0,17.8,0,6.8,5.99,mobile,afternoon,0,0,0
Caribbean Port,0,19.9,0,8.2,7.14,mobile,evening,0,0,0
Caribbean Port,0,11.5,0,6.5,5.45,mobile,afternoon,0,0,0
Caribbean Port,1,8.1,0,7.0,10.66,desktop,evening,0,0,0
Caribbean Port,0,7.1,0,6.0,4.86,desktop,evening,0,0,0
Caribbean Port,1,1.8,0,7.5,10.71,mobile,morning,0,0,0
Caribbean Port,0,10.4,0,7.7,6.29,mobile,afternoon,0,0,0
Caribbean Port,0,19.3,0,7.3,6.44,mobile,afternoon,0,0,0
Caribbean Port,1,28.1,0,6.6,11.36,mobile,afternoon,0,0,0
Caribbean Port,0,16.4,0,8.9,7.5,desktop,morning,0,0,0
Caribbean Port,0,20.5,0,7.0,6.28,desktop,afternoon,0,0,0
Caribbean Port,0,69.0,3,7.4,12.75,mobile,evening,0,1,0
Caribbean Port,1,12.0,0,7.7,11.38,desktop,morning,0,0,0
Caribbean Port,0,47.5,1,8.0,9.62,mobile,afternoon,0,0,0
Caribbean Port,0,19.5,0,8.5,7.35,mobile,evening,0,0,0
Caribbean Port,1,14.0,0,7.5,11.32,mobile,afternoon,0,0,0
Caribbean Port,0,17.3,0,8.7,7.39,desktop,morning,0,0,0
Caribbean Port,0,17.0,0,6.8,5.95,mobile,evening,0,0,0
Caribbean Port,0,16.5,0,7.9,6.75,mobile,afternoon,0,0,0
Caribbean Port,0,16.0,0,8.3,7.03,mobile,morning,0,0,0
Caribbean Port,0,10.8,0,7.0,5.79,mobile,afternoon,0,0,0
Caribbean Port,1,15.1,0,8.2,11.9,mobile,evening,0,0,0
Caribbean Port,0,17.6,0,8.3,7.11,mobile,afternoon,0,0,0
Caribbean Port,1,15.9,0,7.9,11.72,desktop,evening,0,0,0
Caribbean Port,1,17.3,0,6.4,10.67,mobile,afternoon,0,0,0
Caribbean Port,0,11.5,0,8.0,6.58,desktop,evening,0,0,0
Caribbean Port,0,16.7,0,6.2,5.49,mobile,evening,0,0,0
Caribbean Port,0,78.4,5,8.1,16.24,desktop,afternoon,0,0,1
Caribbean Port,0,18.8,0,8.0,6.94,tablet,evening,0,1,0
Caribbean Port,1,9.9,0,7.3,10.97,mobile,morning,0,0,0
Caribbean Port,0,20.4,0,6.5,5.89,mobile,morning,0,0,0
Caribbean Port,1,16.9,0,8.4,12.14,mobile,morning,0,0,0
Caribbean Port,0,15.7,0,7.5,6.41,mobile,morning,0,0,0
Caribbean Port,0,17.5,0,6.4,5.68,mobile,afternoon,0,0,0
Caribbean Port,0,18.1,0,8.2,7.05,mobile,evening,0,0,0
Caribbean Port,0,9.7,0,8.7,7.01,mobile,morning,0,0,0
Caribbean Port,0,20.1,0,8.6,7.45,mobile,evening,0,0,0
Caribbean Port,0,17.8,0,6.8,5.99,desktop,evening,0,0,0
Caribbean Port,0,22.8,0,8.2,7.29,tablet,morning,0,0,1
Caribbean Port,1,2.4,0,7.3,10.59,mobile,afternoon,0,0,0
Caribbean Port,0,120.1,1,8.8,13.86,mobile,morning,0,0,0
Caribbean Port,0,9.3,0,8.0,6.46,mobile,afternoon,0,0,0
Caribbean Port,0,19.5,0,7.0,6.22,desktop,afternoon,1,0,0
Caribbean Port,0,14.8,0,7.9,6.67,tablet,afternoon,0,0,0
Caribbean Port,0,14.0,0,6.9,5.88,mobile,afternoon,0,0,0
Caribbean Port,0,12.5,0,7.3,6.1,tablet,evening,0,0,1
Caribbean Port,0,14.7,0,7.9,6.66,desktop,afternoon,0,0,0
Caribbean Port,0,12.6,0,7.2,6.03,desktop,afternoon,0,0,0
Caribbean Port,0,18.0,0,7.1,6.22,desktop,afternoon,0,0,0
Caribbean Port,0,14.8,0,6.8,5.84,mobile,morning,0,0,0
Caribbean Port,0,15.9,0,9.7,8.07,mobile,morning,0,0,0
Caribbean Port,0,14.6,0,6.8,5.83,mobile,afternoon,0,0,0
Caribbean Port,0,23.7,0,7.2,6.59,mobile,afternoon,0,0,0
Caribbean Port,0,92.9,4,6.0,14.14,mobile,afternoon,0,0,0
Caribbean Port,0,12.9,0,8.3,6.87,mobile,afternoon,0,0,0
Caribbean Port,0,12.5,0,7.8,6.47,mobile,morning,0,0,0
Caribbean Port,0,13.2,0,9.6,7.86,mobile,afternoon,0,0,0
Caribbean Port,0,10.5,0,7.8,6.38,desktop,afternoon,0,0,0
Caribbean Port,1,17.2,0,7.2,11.26,mobile,morning,0,0,1
Caribbean Port,1,13.2,0,6.7,10.69,desktop,afternoon,0,0,0
Caribbean Port,0,17.0,0,7.9,6.78,mobile,afternoon,0,0,0
Caribbean Port,0,13.2,0,7.9,6.59,mobile,evening,0,0,0
Caribbean Port,0,21.8,0,8.1,7.16,desktop,afternoon,0,0,0
Caribbean Port,0,19.1,0,7.5,6.58,desktop,morning,0,0,0
Caribbean Port,0,14.7,0,8.2,6.88,mobile,afternoon,0,0,0
Caribbean Port,1,24.7,0,6.4,11.04,desktop,morning,1,0,0
Caribbean Port,1,12.0,0,6.6,10.55,mobile,morning,0,0,0
Caribbean Port,0,11.7,0,7.5,6.21,desktop,morning,0,0,0
Caribbean Port,0,7.2,0,7.3,5.83,mobile,evening,0,0,0
Caribbean Port,0,10.9,0,7.1,5.87,mobile,afternoon,0,0,0
Caribbean Port,0,16.6,0,7.1,6.15,desktop,evening,0,0,0
Caribbean Port,1,72.2,0,7.4,14.16,desktop,morning,1,0,1
Caribbean Port,0,14.0,0,7.4,6.25,desktop,morning,1,0,1
Caribbean Port,0,22.9,0,8.3,7.37,desktop,morning,0,0,1
Caribbean Port,0,67.2,2,8.3,12.09,mobile,evening,0,0,0
Caribbean Port,0,63.2,0,6.5,8.04,mobile,evening,0,0,0
Caribbean Port,1,18.2,0,7.3,11.38,mobile,evening,0,0,0
Caribbean Port,0,15.4,0,5.1,4.59,mobile,evening,0,0,0
Caribbean Port,0,17.3,0,8.7,7.39,mobile,evening,0,0,0
Caribbean Port,0,10.3,0,8.9,7.19,tablet,evening,0,0,0
Caribbean Port,0,107.7,1,6.6,11.59,desktop,morning,0,0,0
Caribbean Port,0,16.8,0,7.0,6.09,tablet,afternoon,0,0,0
Caribbean Port,1,8.2,0,9.1,12.23,tablet,afternoon,0,0,0
Caribbean Port,0,110.3,6,6.8,18.12,desktop,morning,0,0,1
Caribbean Port,0,15.9,0,6.8,5.89,desktop,morning,0,0,1
Caribbean Port,1,15.7,0,7.0,11.04,mobile,evening,0,0,0
Caribbean Port,1,6.3,0,8.0,11.32,mobile,morning,0,0,1
Caribbean Port,0,14.7,0,7.9,6.66,desktop,evening,0,0,0
Caribbean Port,0,7.4,0,7.3,5.84,mobile,morning,0,0,0
Caribbean Port,1,17.1,0,7.8,11.71,mobile,afternoon,0,0,0
Caribbean Port,0,9.6,0,7.0,5.73,desktop,afternoon,0,0,0
Caribbean Port,0,73.9,3,6.5,12.32,mobile,evening,0,1,0
Caribbean Port,0,91.7,0,9.1,11.41,desktop,morning,0,0,0
Caribbean Port,0,15.3,0,7.9,6.69,mobile,evening,0,0,0
Caribbean Port,0,18.1,0,7.6,6.6,mobile,afternoon,0,0,0
Caribbean Port,1,20.8,0,7.2,11.44,mobile,afternoon,0,0,0
Caribbean Port,1,13.6,0,6.9,10.86,mobile,morning,0,0,0
Caribbean Port,1,9.0,0,7.2,10.85,desktop,evening,0,0,0
Caribbean Port,1,7.4,0,7.8,11.22,mobile,afternoon,0,0,1
Caribbean Port,0,16.1,0,8.1,6.88,desktop,evening,0,0,0
Caribbean Port,0,11.3,0,9.0,7.32,mobile,morning,0,0,0
Caribbean Port,0,21.0,0,7.6,6.75,desktop,afternoon,0,0,0
Caribbean Port,0,14.7,0,8.5,7.11,mobile,afternoon,0,0,0
Caribbean Port,1,14.5,0,7.8,11.57,desktop,afternoon,0,0,0
Caribbean Port,0,14.4,0,8.0,6.72,mobile,afternoon,0,0,1
Caribbean Port,0,23.2,0,8.4,7.46,mobile,evening,0,0,1
Caribbean Port,0,8.5,0,8.0,6.42,mobile,afternoon,0,0,0
Caribbean Port,0,13.5,0,6.5,5.55,desktop,evening,0,0,0
Caribbean Port,0,20.2,0,8.8,7.61,desktop,morning,0,0,0
Caribbean Port,0,17.5,0,7.2,6.28,mobile,afternoon,0,0,0
Caribbean Port,1,5.5,0,8.6,11.72,mobile,morning,0,0,0
Caribbean Port,1,14.6,0,7.5,11.36,mobile,morning,0,0,1
Caribbean Port,0,19.8,0,6.7,6.02,tablet,afternoon,0,0,0
City Visit,0,14.5,0,5.7,5.0,mobile,evening,0,0,0
City Visit,0,14.4,0,5.5,4.84,tablet,evening,0,0,0
City Visit,0,0.5,0,5.9,4.45,mobile,afternoon,0,0,0
City Visit,0,21.6,0,6.5,5.96,mobile,afternoon,0,0,0
City Visit,0,9.2,0,4.8,4.06,mobile,afternoon,0,0,0
City Visit,0,10.3,0,6.7,5.54,desktop,evening,0,0,0
City Visit,0,10.0,0,5.6,4.7,mobile,afternoon,0,0,0
City Visit,0,19.9,0,6.6,5.94,desktop,evening,0,0,0
City Visit,0,9.0,0,6.9,5.63,desktop,morning,0,1,0
City Visit,1,102.9,2,7.7,18.42,mobile,morning,0,0,0
City Visit,0,20.7,0,6.4,5.84,desktop,morning,0,0,0
City Visit,0,22.3,0,6.4,5.92,mobile,morning,0,0,0
City Visit,0,18.3,0,5.6,5.11,mobile,morning,0,0,0
City Visit,0,12.7,0,6.9,5.81,mobile,afternoon,0,0,0
City Visit,0,6.4,0,7.7,6.1,mobile,evening,0,0,0
City Visit,0,18.1,0,5.1,4.73,mobile,morning,0,0,0
City Visit,0,20.4,0,6.5,5.89,tablet,afternoon,0,0,0
City Visit,0,14.0,0,6.6,5.65,desktop,afternoon,0,0,0
City Visit,0,15.4,0,6.0,5.27,mobile,afternoon,0,0,0
City Visit,0,16.1,0,6.3,5.53,mobile,morning,0,0,0
City Visit,0,11.1,0,6.2,5.21,mobile,afternoon,0,0,0
City Visit,1,63.6,2,6.0,15.18,desktop,morning,0,1,1
City Visit,0,16.8,0,6.3,5.56,mobile,morning,0,0,0
City Visit,0,20.9,0,7.3,6.52,desktop,evening,0,0,0
City Visit,0,18.3,0,7.8,6.76,mobile,evening,0,0,0
City Visit,0,16.2,0,6.7,5.84,mobile,evening,0,0,0
City Visit,0,10.4,0,7.3,5.99,desktop,afternoon,0,0,0
City Visit,0,15.4,0,6.6,5.72,mobile,morning,0,0,0
City Visit,0,7.2,0,7.4,5.91,desktop,morning,0,0,0
City Visit,0,22.1,0,4.2,4.26,tablet,evening,0,1,0
City Visit,0,9.0,0,5.3,4.42,desktop,morning,0,0,0
City Visit,0,16.7,0,5.4,4.89,mobile,morning,0,0,0
City Visit,0,17.7,0,6.5,5.76,mobile,morning,0,0,0
City Visit,0,25.4,0,5.4,5.32,mobile,afternoon,0,0,0
City Visit,1,83.9,2,5.4,15.75,mobile,afternoon,0,0,0
City Visit,0,18.3,0,5.2,4.82,mobile,morning,0,0,0
City Visit,0,10.8,0,5.3,4.51,mobile,evening,0,0,0
City Visit,0,11.0,0,7.3,6.02,mobile,evening,0,0,0
City Visit,0,4.9,0,6.8,5.34,desktop,evening,0,0,0
City Visit,0,18.8,0,7.0,6.19,desktop,evening,0,0,0
City Visit,0,3.7,0,5.3,4.16,mobile,evening,0,0,0
City Visit,0,14.6,0,6.5,5.61,desktop,morning,0,0,0
City Visit,0,4.7,0,5.7,4.51,mobile,evening,0,0,0
City Visit,0,22.9,0,5.3,5.12,mobile,afternoon,0,0,0
City Visit,0,15.9,0,6.6,5.74,mobile,morning,1,0,0
City Visit,0,6.0,0,7.4,5.85,desktop,morning,0,0,0
City Visit,0,10.8,0,6.7,5.57,mobile,morning,0,0,0
City Visit,0,5.8,0,6.9,5.47,mobile,evening,0,0,0
City Visit,0,14.0,0,6.8,5.8,mobile,evening,0,0,0
City Visit,0,11.2,0,6.3,5.28,desktop,morning,0,0,0
City Visit,0,14.8,0,5.5,4.87,tablet,afternoon,0,0,0
City Visit,0,17.8,0,5.5,5.02,mobile,evening,0,0,0
City Visit,0,15.9,0,6.6,5.74,mobile,evening,0,0,1
City Visit,0,12.1,0,6.9,5.78,desktop,afternoon,0,0,0
City Visit,0,15.7,0,5.7,5.06,tablet,morning,0,0,0
City Visit,0,16.6,0,7.2,6.23,mobile,morning,0,0,0
City Visit,0,21.2,0,6.7,6.09,mobile,morning,0,0,1
City Visit,0,8.3,0,6.6,5.36,mobile,morning,0,0,0
City Visit,0,22.0,0,6.6,6.05,tablet,afternoon,0,0,0
City Visit,0,8.9,0,6.0,4.95,mobile,evening,0,0,0
City Visit,0,16.4,0,4.2,3.97,desktop,afternoon,0,0,0
City Visit,0,11.4,0,6.2,5.22,mobile,afternoon,0,0,0
City Visit,0,17.7,0,6.3,5.61,mobile,evening,0,0,0
City Visit,0,25.5,0,6.7,6.3,mobile,morning,0,0,0
City Visit,0,6.8,0,6.3,5.06,mobile,afternoon,0,1,0
City Visit,1,78.3,1,5.4,14.21,mobile,morning,0,0,0
City Visit,0,1.8,0,5.9,4.52,tablet,morning,0,0,0
City Visit,0,15.6,0,6.6,5.73,mobile,afternoon,0,0,0
City Visit,0,18.1,0,7.0,6.16,mobile,evening,0,0,0
City Visit,0,10.5,0,5.2,4.43,desktop,morning,0,1,0
City Visit,0,12.5,0,6.7,5.65,mobile,afternoon,0,0,1
City Visit,0,12.0,0,7.1,5.92,desktop,morning,0,0,0
City Visit,0,16.7,0,6.4,5.64,mobile,morning,0,0,0
City Visit,0,3.9,0,7.1,5.52,tablet,morning,0,1,0
City Visit,0,10.0,0,6.0,5.0,mobile,evening,0,0,0
City Visit,1,112.4,2,5.3,17.09,mobile,evening,0,0,0
City Visit,0,25.5,0,7.5,6.9,desktop,evening,0,0,0
City Visit,0,16.7,0,7.4,6.39,mobile,morning,0,0,0
City Visit,0,18.4,0,7.4,6.47,desktop,evening,0,0,0
City Visit,0,16.7,0,8.2,6.98,mobile,afternoon,0,0,0
City Visit,0,18.2,0,6.3,5.63,tablet,evening,0,0,0
City Visit,0,4.1,0,7.2,5.61,mobile,evening,0,0,0
City Visit,0,16.1,0,7.1,6.13,mobile,afternoon,0,0,0
City Visit,0,16.6,0,6.4,5.63,mobile,afternoon,0,0,0
City Visit,0,10.9,0,5.3,4.52,desktop,morning,0,0,0
City Visit,0,15.4,0,5.2,4.67,desktop,morning,0,0,0
City Visit,0,20.3,0,6.7,6.04,mobile,afternoon,0,0,0
City Visit,0,26.5,0,5.0,5.08,mobile,morning,0,0,1
City Visit,1,65.5,1,7.0,14.78,mobile,evening,0,1,0
City Visit,0,25.2,0,6.2,5.91,desktop,afternoon,0,0,0
City Visit,0,8.3,0,5.9,4.84,mobile,afternoon,1,0,1
City Visit,0,18.5,0,6.8,6.02,mobile,evening,0,1,0
City Visit,0,21.0,0,6.9,6.23,mobile,morning,0,0,0
City Visit,0,24.5,0,5.4,5.28,mobile,morning,0,0,0
City Visit,0,18.0,0,5.7,5.18,desktop,evening,0,0,0
City Visit,0,13.3,0,6.5,5.54,desktop,morning,1,0,0
City Visit,0,10.1,0,6.2,5.16,desktop,morning,0,0,0
City Visit,0,18.9,0,5.9,5.37,mobile,morning,0,0,0
City Visit,0,15.7,0,6.5,5.66,mobile,afternoon,0,0,0
City Visit,0,13.2,0,5.6,4.86,mobile,morning,0,0,0
City Visit,1,108.9,5,5.2,20.59,mobile,morning,0,0,0
City Visit,0,14.7,0,6.3,5.46,mobile,evening,0,0,0
City Visit,0,9.4,0,5.9,4.9,desktop,afternoon,0,0,0
City Visit,0,27.4,0,6.4,6.17,mobile,morning,0,0,0
City Visit,0,21.1,0,7.0,6.3,mobile,evening,0,0,0
City Visit,0,19.7,0,6.0,5.49,mobile,morning,0,1,0
City Visit,0,10.4,0,5.5,4.64,mobile,morning,0,0,0
City Visit,0,17.1,0,6.2,5.51,mobile,morning,0,0,0
City Visit,0,20.1,0,6.1,5.58,mobile,evening,0,0,0
City Visit,1,81.4,3,6.1,17.39,tablet,afternoon,1,0,1
City Visit,0,9.0,0,4.3,3.67,mobile,afternoon,0,0,0
City Visit,0,19.0,0,6.1,5.52,desktop,afternoon,0,0,0
City Visit,0,11.4,0,6.6,5.52,mobile,evening,0,0,0
City Visit,1,65.1,2,6.1,15.33,mobile,afternoon,0,0,0
City Visit,0,14.5,0,5.8,5.07,mobile,evening,0,0,0
City Visit,0,20.7,0,6.2,5.69,desktop,evening,0,0,0
City Visit,0,14.9,0,6.4,5.55,desktop,afternoon,1,0,0
City Visit,0,16.4,0,5.7,5.1,mobile,afternoon,0,0,0
City Visit,0,12.4,0,7.0,5.87,tablet,morning,0,0,0
City Visit,0,16.2,0,5.1,4.63,desktop,evening,0,0,0
City Visit,0,14.9,0,6.9,5.92,desktop,morning,0,0,1
City Visit,0,9.7,0,5.4,4.54,mobile,afternoon,0,0,0
City Visit,0,10.5,0,6.5,5.4,mobile,evening,0,0,0
City Visit,0,11.0,0,6.3,5.27,mobile,evening,1,0,0
City Visit,0,22.8,0,6.3,5.87,desktop,afternoon,0,0,0
City Visit,0,11.8,0,5.5,4.71,mobile,evening,0,0,0
City Visit,0,17.4,0,5.5,5.0,mobile,evening,0,0,0
City Visit,0,19.0,0,7.2,6.35,desktop,morning,0,0,0
City Visit,0,12.5,0,6.1,5.2,mobile,morning,0,0,1
City Visit,0,17.8,0,6.1,5.46,mobile,morning,0,0,0
City Visit,1,111.3,2,5.7,17.34,tablet,morning,0,1,1
City Visit,0,20.9,0,6.6,5.99,desktop,morning,0,0,0
City Visit,0,10.1,0,5.9,4.93,mobile,morning,0,0,0
City Visit,0,11.9,0,5.6,4.79,desktop,evening,0,0,0
City Visit,0,20.5,0,5.8,5.38,mobile,afternoon,0,0,0
City Visit,0,21.5,0,5.3,5.05,mobile,evening,0,0,0
City Visit,0,8.0,0,6.7,5.43,mobile,morning,0,0,0
City Visit,0,15.0,0,6.0,5.25,mobile,evening,0,0,0
City Visit,0,16.6,0,7.5,6.46,desktop,morning,0,0,0
City Visit,0,9.5,0,5.0,4.22,mobile,morning,0,0,1
City Visit,0,19.8,0,6.4,5.79,mobile,morning,0,0,0
City Visit,0,16.5,0,6.3,5.55,mobile,afternoon,0,0,1
City Visit,0,4.0,0,6.1,4.77,desktop,afternoon,0,0,0
City Visit,0,11.0,0,4.7,4.08,desktop,evening,0,0,0
City Visit,1,112.9,3,6.8,19.49,mobile,afternoon,0,0,0
City Visit,0,21.6,0,5.1,4.9,mobile,morning,0,0,0
City Visit,0,20.0,0,5.5,5.12,tablet,morning,0,0,1
City Visit,0,14.6,0,6.6,5.68,desktop,evening,0,0,0
City Visit,0,13.3,0,4.9,4.34,mobile,morning,0,0,0
City Visit,0,19.8,0,6.6,5.94,mobile,afternoon,0,0,0
City Visit,0,19.4,0,6.8,6.07,mobile,morning,1,0,0
City Visit,0,13.3,0,5.6,4.86,mobile,morning,0,0,0
City Visit,0,12.9,0,6.9,5.82,mobile,afternoon,0,0,0
City Visit,0,13.6,0,5.2,4.58,mobile,morning,0,0,0
City Visit,0,12.1,0,5.7,4.88,mobile,evening,0,0,0
City Visit,0,11.3,0,7.7,6.34,mobile,evening,1,0,1
City Visit,0,12.0,0,6.5,5.47,desktop,morning,0,0,0
City Visit,0,13.0,0,5.3,4.62,mobile,afternoon,0,1,0
City Visit,1,95.1,1,7.4,16.55,mobile,evening,0,0,0
City Visit,0,16.2,0,4.5,4.19,mobile,afternoon,0,0,0
City Visit,0,24.6,0,5.6,5.43,mobile,morning,0,0,0
City Visit,0,4.7,0,6.2,4.89,desktop,afternoon,0,0,0
City Visit,0,23.2,0,6.5,6.04,desktop,morning,0,0,1
City Visit,0,8.2,0,6.7,5.44,mobile,afternoon,0,0,0
City Visit,0,12.6,0,6.7,5.66,desktop,evening,0,0,0
City Visit,0,10.1,0,6.4,5.31,desktop,morning,0,0,0
City Visit,0,14.6,0,5.7,5.01,mobile,morning,0,0,0
City Visit,0,25.8,0,5.1,5.12,desktop,morning,0,0,0
City Visit,0,11.1,0,6.0,5.05,mobile,morning,0,1,1
City Visit,0,23.0,0,6.8,6.25,desktop,morning,0,0,0
City Visit,0,11.0,0,7.0,5.8,mobile,afternoon,0,0,0
City Visit,0,16.0,0,6.8,5.9,mobile,evening,0,0,0
City Visit,0,18.5,0,8.5,7.3,tablet,morning,0,0,1
City Visit,0,11.3,0,6.3,5.29,mobile,afternoon,0,0,0
City Visit,0,22.3,0,6.6,6.06,tablet,morning,0,0,0
City Visit,0,10.2,0,6.5,5.38,mobile,morning,0,0,0
City Visit,0,9.1,0,7.0,5.71,mobile,evening,0,0,0
City Visit,0,12.8,0,6.3,5.37,mobile,morning,0,0,0
City Visit,1,77.2,2,6.0,15.86,mobile,afternoon,0,0,0
City Visit,0,15.4,0,6.3,5.49,mobile,afternoon,0,0,0
City Visit,0,14.1,0,6.3,5.43,mobile,evening,0,0,1
City Visit,0,17.8,0,6.1,5.46,mobile,evening,0,0,0
City Visit,0,18.2,0,6.8,6.01,mobile,morning,0,0,0
City Visit,0,21.1,0,5.8,5.4,mobile,afternoon,0,0,0
City Visit,1,71.5,3,5.3,16.3,mobile,morning,0,0,0
City Visit,0,8.6,0,6.1,5.0,tablet,afternoon,0,0,0
City Visit,0,23.4,0,7.0,6.42,mobile,morning,0,0,0
City Visit,0,13.6,0,6.3,5.4,mobile,evening,0,1,0
City Visit,0,16.3,0,6.6,5.76,desktop,evening,0,0,0
City Visit,0,3.2,0,5.8,4.51,mobile,afternoon,1,0,0
City Visit,0,11.2,0,6.2,5.21,desktop,afternoon,0,0,0
City Visit,0,16.1,0,7.2,6.21,mobile,afternoon,0,1,0
City Visit,0,20.7,0,6.1,5.61,mobile,afternoon,0,0,0
City Visit,0,14.2,0,7.4,6.26,mobile,evening,0,0,0
City Visit,1,58.4,4,6.2,17.57,mobile,evening,0,0,0
City Visit,0,12.6,0,6.5,5.5,desktop,afternoon,0,0,0
City Visit,0,17.0,0,6.4,5.65,desktop,afternoon,0,0,0
City Visit,0,20.5,0,4.9,4.7,mobile,afternoon,0,1,0
City Visit,0,16.2,0,5.3,4.79,mobile,evening,0,0,0
City Visit,1,87.2,0,5.7,13.63,mobile,afternoon,0,0,0
City Visit,0,12.1,0,6.0,5.11,mobile,morning,0,1,1
City Visit,0,19.2,0,6.3,5.68,mobile,morning,0,0,1
City Visit,0,13.4,0,6.2,5.32,mobile,afternoon,0,0,0
City Visit,0,24.9,0,8.0,7.25,mobile,afternoon,0,0,1
City Visit,0,27.6,0,6.2,6.03,mobile,evening,0,0,0
City Visit,0,21.4,0,5.7,5.35,tablet,morning,0,0,0
City Visit,0,14.6,0,7.4,6.28,mobile,evening,0,0,0
City Visit,0,11.2,0,5.6,4.76,mobile,evening,0,0,0
City Visit,0,0.5,0,6.7,5.05,desktop,evening,1,0,0
City Visit,0,20.3,0,6.4,5.82,mobile,morning,0,0,0
City Visit,0,3.7,0,5.5,4.31,mobile,afternoon,0,0,1
City Visit,1,70.0,3,5.2,16.15,mobile,morning,0,0,0
City Visit,0,7.1,0,5.2,4.26,mobile,evening,0,0,0
City Visit,0,8.4,0,4.5,3.79,mobile,evening,0,1,0
City Visit,0,18.8,0,7.4,6.49,desktop,evening,0,0,0
City Visit,0,10.9,0,6.7,5.57,mobile,evening,0,0,0
City Visit,0,12.8,0,5.9,5.07,mobile,evening,1,0,0
City Visit,0,19.1,0,7.9,6.88,mobile,evening,0,0,0
City Visit,0,23.2,0,5.6,5.36,tablet,afternoon,0,0,0
City Visit,1,62.3,4,5.5,17.24,mobile,morning,0,0,0
City Visit,0,14.9,0,6.1,5.32,mobile,morning,0,0,0
City Visit,0,12.0,0,6.9,5.78,mobile,evening,0,0,0
City Visit,1,98.6,2,5.3,16.41,mobile,evening,1,0,0
City Visit,0,19.3,0,4.8,4.56,mobile,afternoon,0,0,0
City Visit,0,5.2,0,6.1,4.83,tablet,morning,0,0,0
City Visit,0,9.5,0,6.1,5.05,desktop,afternoon,0,0,0
City Visit,0,18.2,0,6.7,5.94,desktop,afternoon,0,0,0
City Visit,0,24.3,0,7.0,6.46,mobile,morning,0,0,0
City Visit,0,14.4,0,5.6,4.92,mobile,morning,0,0,0
City Visit,0,12.5,0,6.6,5.57,desktop,evening,0,0,0
City Visit,0,10.2,0,6.1,5.08,desktop,morning,0,0,0
City Visit,0,13.0,0,5.7,4.93,mobile,evening,0,0,0
City Visit,0,11.9,0,6.5,5.47,mobile,morning,0,0,0
City Visit,0,16.6,0,6.1,5.4,mobile,afternoon,0,0,0
City Visit,0,21.7,0,7.3,6.56,mobile,morning,0,0,1
City Visit,1,74.2,3,6.1,17.04,desktop,afternoon,0,0,0
City Visit,1,57.2,1,7.0,14.36,desktop,afternoon,1,0,0
City Visit,0,20.6,0,7.2,6.43,desktop,morning,0,0,0
City Visit,0,13.4,0,6.3,5.39,desktop,evening,0,0,0
City Visit,0,11.0,0,6.1,5.12,desktop,evening,0,0,0
City Visit,0,16.6,0,4.9,4.51,desktop,morning,0,0,0
City Visit,0,13.9,0,7.1,6.02,desktop,morning,0,0,0
City Visit,0,8.6,0,6.5,5.3,mobile,evening,0,0,0
City Visit,0,15.5,0,5.7,5.05,desktop,morning,0,0,0
Tropical Beach,0,18.7,0,9.2,7.83,mobile,morning,0,0,0
Tropical Beach,0,10.7,0,7.8,6.38,tablet,evening,0,0,0
Tropical Beach,1,62.1,0,8.5,14.48,mobile,evening,1,0,0
Tropical Beach,0,19.2,0,8.5,7.33,mobile,evening,0,0,0
Tropical Beach,0,8.0,0,8.9,7.08,mobile,evening,1,0,0
Tropical Beach,0,10.8,0,8.5,6.92,mobile,evening,0,0,0
Tropical Beach,0,17.1,0,7.6,6.55,mobile,afternoon,0,0,0
Tropical Beach,0,12.1,0,7.7,6.38,mobile,evening,0,0,0
Tropical Beach,0,4.2,0,7.1,5.53,mobile,afternoon,1,0,0
Tropical Beach,0,7.1,0,8.4,6.66,tablet,morning,0,0,0
Tropical Beach,0,18.5,0,8.3,7.15,desktop,morning,0,1,0
Tropical Beach,1,61.3,1,8.9,15.99,desktop,evening,0,0,0
Tropical Beach,0,12.9,0,8.4,6.95,desktop,afternoon,0,0,0
Tropical Beach,0,12.6,0,9.0,7.38,mobile,afternoon,0,0,0
Tropical Beach,0,8.1,0,8.7,6.93,mobile,evening,0,0,0
Tropical Beach,0,17.5,0,7.4,6.43,mobile,afternoon,0,1,1
Tropical Beach,0,18.7,0,7.6,6.63,desktop,evening,0,0,0
Tropical Beach,0,9.8,0,9.7,7.76,mobile,afternoon,0,0,0
Tropical Beach,1,92.4,1,8.6,17.32,mobile,afternoon,0,1,0
Tropical Beach,0,19.4,0,7.3,6.44,tablet,afternoon,0,0,0
Tropical Beach,0,12.3,0,8.6,7.06,mobile,afternoon,0,0,0
Tropical Beach,0,19.0,0,7.6,6.65,mobile,afternoon,1,0,0
Tropical Beach,0,22.3,0,8.1,7.19,mobile,afternoon,0,1,1
Tropical Beach,0,12.0,0,7.9,6.53,desktop,evening,0,0,0
Tropical Beach,0,9.1,0,9.6,7.65,desktop,evening,0,1,0
Tropical Beach,0,16.0,0,7.3,6.27,mobile,afternoon,0,0,0
Tropical Beach,0,20.1,0,8.8,7.61,mobile,morning,0,0,0
Tropical Beach,0,17.7,0,6.4,5.69,mobile,afternoon,1,0,0
Tropical Beach,0,17.1,0,9.1,7.68,mobile,morning,0,0,0
Tropical Beach,0,9.5,0,7.9,6.4,mobile,morning,0,0,0
Tropical Beach,0,18.4,0,7.4,6.47,desktop,morning,0,0,0
Tropical Beach,1,113.8,1,7.7,17.72,desktop,evening,0,0,0
Tropical Beach,0,14.9,0,8.0,6.75,tablet,morning,0,0,0
Tropical Beach,0,16.8,0,9.1,7.66,mobile,evening,0,0,0
Tropical Beach,1,54.1,3,7.7,17.23,desktop,evening,0,0,0
Tropical Beach,1,44.7,4,5.8,16.59,mobile,evening,0,0,0
Tropical Beach,0,16.4,0,8.0,6.82,mobile,afternoon,0,0,0
Tropical Beach,0,9.6,0,8.2,6.63,mobile,morning,0,0,0
Tropical Beach,0,11.5,0,8.7,7.1,mobile,morning,0,0,0
Tropical Beach,0,17.8,0,6.0,5.39,mobile,evening,0,1,0
Tropical Beach,0,10.4,0,8.3,6.75,desktop,evening,1,0,0
Tropical Beach,0,19.7,0,8.7,7.51,mobile,evening,0,0,0
Tropical Beach,0,9.1,0,7.5,6.08,mobile,morning,1,0,0
Tropical Beach,0,11.6,0,7.5,6.21,mobile,afternoon,0,0,0
Tropical Beach,0,8.6,0,7.1,5.75,mobile,afternoon,0,0,0
Tropical Beach,0,17.2,0,7.7,6.64,mobile,afternoon,0,0,0
Tropical Beach,0,21.4,0,7.6,6.77,mobile,morning,0,0,1
Tropical Beach,0,14.5,0,9.3,7.7,mobile,evening,0,0,0
Tropical Beach,1,94.8,3,8.5,19.87,desktop,afternoon,1,0,0
Tropical Beach,0,24.4,0,8.9,7.9,mobile,morning,0,1,0
Tropical Beach,0,15.2,0,7.9,6.69,mobile,evening,0,0,0
Tropical Beach,0,4.8,0,9.8,7.59,mobile,morning,0,0,0
Tropical Beach,0,14.6,0,9.4,7.78,mobile,morning,0,0,0
Tropical Beach,1,63.3,2,8.4,16.96,mobile,afternoon,0,0,1
Tropical Beach,0,15.0,0,8.4,7.05,mobile,evening,0,0,0
Tropical Beach,0,10.7,0,8.2,6.68,mobile,evening,0,0,0
Tropical Beach,0,13.8,0,7.8,6.54,mobile,morning,0,0,0
Tropical Beach,0,7.5,0,9.1,7.2,mobile,afternoon,0,0,0
Tropical Beach,0,18.4,0,8.4,7.22,mobile,afternoon,0,0,0
Tropical Beach,0,9.1,0,7.9,6.38,mobile,afternoon,0,0,0
Tropical Beach,0,18.2,0,8.1,6.98,mobile,morning,0,0,0
Tropical Beach,0,9.5,0,5.6,4.67,desktop,evening,0,0,0
Tropical Beach,0,28.8,0,7.9,7.37,mobile,evening,0,0,0
Tropical Beach,0,13.7,0,7.8,6.54,desktop,morning,0,0,0
Tropical Beach,0,17.4,0,6.5,5.75,desktop,evening,0,0,0
Tropical Beach,1,57.1,1,7.5,14.73,mobile,evening,1,0,1
Tropical Beach,0,22.1,0,7.8,6.96,mobile,morning,0,0,0
Tropical Beach,0,16.5,0,7.9,6.75,desktop,evening,0,0,0
Tropical Beach,1,81.8,1,8.0,16.34,mobile,evening,0,1,1
Tropical Beach,0,15.4,0,8.7,7.29,desktop,afternoon,0,0,0
Tropical Beach,1,102.4,0,7.2,15.52,mobile,morning,0,0,1
Tropical Beach,0,15.3,0,9.3,7.74,mobile,morning,0,0,0
Tropical Beach,0,16.2,0,9.4,7.86,mobile,evening,0,0,0
Tropical Beach,0,15.9,0,8.6,7.24,mobile,evening,0,0,0
Tropical Beach,0,16.5,0,8.4,7.13,tablet,evening,0,0,0
Tropical Beach,0,15.6,0,8.6,7.23,desktop,evening,0,0,0
Tropical Beach,0,11.6,0,8.4,6.88,mobile,afternoon,0,0,0
Tropical Beach,0,8.2,0,7.5,6.04,mobile,morning,0,0,1
Tropical Beach,0,12.3,0,8.2,6.76,tablet,morning,0,0,0
Tropical Beach,0,12.7,0,7.7,6.41,mobile,afternoon,0,0,0
Tropical Beach,0,17.9,0,8.6,7.34,mobile,evening,0,0,0
Tropical Beach,0,21.0,0,8.6,7.5,mobile,evening,0,0,0
Tropical Beach,0,12.9,0,8.5,7.02,mobile,evening,0,0,0
Tropical Beach,1,71.1,2,8.3,17.28,mobile,evening,0,0,0
Tropical Beach,0,6.6,0,7.2,5.73,tablet,morning,0,0,0
Tropical Beach,0,9.9,0,7.8,6.34,mobile,evening,0,0,0
Tropical Beach,0,16.3,0,7.4,6.37,mobile,afternoon,0,1,0
Tropical Beach,0,19.1,0,8.2,7.1,desktop,evening,0,0,0
Tropical Beach,1,112.0,3,9.1,21.18,mobile,morning,0,0,1
Tropical Beach,0,17.2,0,7.7,6.64,desktop,evening,0,0,0
Tropical Beach,0,20.5,0,6.3,5.75,mobile,afternoon,0,0,0
Tropical Beach,0,15.0,0,9.1,7.57,mobile,morning,1,0,0
Tropical Beach,0,17.9,0,7.9,6.82,mobile,evening,0,0,0
Tropical Beach,0,11.3,0,7.0,5.82,mobile,morning,0,0,0
Tropical Beach,0,18.9,0,8.9,7.62,tablet,evening,0,0,0
Tropical Beach,0,14.7,0,8.5,7.11,desktop,afternoon,0,0,1
Tropical Beach,0,11.7,0,7.9,6.51,desktop,afternoon,0,0,0
Tropical Beach,0,22.6,0,8.0,7.13,desktop,afternoon,0,0,0
Tropical Beach,0,21.9,0,8.2,7.24,mobile,afternoon,0,0,0
Tropical Beach,0,16.4,0,8.0,6.82,mobile,afternoon,0,0,0
Tropical Beach,0,16.0,0,10.0,8.3,mobile,afternoon,0,0,0
Tropical Beach,0,14.4,0,8.6,7.17,mobile,evening,0,0,0
Tropical Beach,0,18.6,0,10.6,8.88,desktop,evening,0,0,0
Tropical Beach,0,6.0,0,7.8,6.15,mobile,afternoon,0,0,0
Tropical Beach,1,70.3,3,8.0,18.27,desktop,afternoon,0,0,0
Tropical Beach,0,4.5,0,9.7,7.5,desktop,morning,0,0,0
Tropical Beach,0,14.1,0,6.8,5.8,desktop,afternoon,0,0,0
Tropical Beach,0,21.4,0,8.1,7.14,desktop,morning,0,0,1
Tropical Beach,1,99.6,4,8.5,21.36,mobile,afternoon,0,0,0
Tropical Beach,0,10.6,0,8.9,7.21,mobile,afternoon,0,0,0
Tropical Beach,0,14.9,0,6.7,5.77,desktop,evening,0,0,0
Tropical Beach,0,13.9,0,8.3,6.92,mobile,morning,0,0,0
Tropical Beach,0,15.6,0,6.5,5.66,mobile,evening,0,0,0
Tropical Beach,1,59.6,3,7.7,17.51,mobile,afternoon,0,1,0
Tropical Beach,0,12.8,0,6.8,5.74,mobile,afternoon,0,0,0
Tropical Beach,0,22.9,0,8.6,7.59,desktop,morning,0,0,0
Tropical Beach,0,23.7,0,9.7,8.46,mobile,morning,0,0,0
Tropical Beach,0,15.4,0,7.8,6.62,tablet,afternoon,0,1,0
Tropical Beach,0,21.0,0,8.2,7.2,desktop,evening,1,0,0
Tropical Beach,1,94.0,1,7.1,16.27,desktop,morning,0,0,0
Tropical Beach,1,101.1,0,7.6,15.75,mobile,morning,0,0,1
Tropical Beach,0,20.1,0,8.5,7.38,mobile,evening,0,1,0
Tropical Beach,1,64.4,1,8.1,15.54,mobile,morning,0,0,0
Tropical Beach,0,14.8,0,7.0,5.99,desktop,evening,1,0,0
Tropical Beach,0,7.1,0,8.8,6.96,desktop,morning,0,0,1
Tropical Beach,0,13.7,0,8.0,6.69,mobile,morning,0,0,0
Tropical Beach,0,13.6,0,8.1,6.75,desktop,morning,0,0,0
Tropical Beach,1,93.7,0,8.8,16.29,mobile,morning,1,1,1
Tropical Beach,0,17.9,0,7.7,6.67,tablet,evening,0,1,0
Tropical Beach,0,18.2,0,7.6,6.61,mobile,afternoon,0,0,1
Tropical Beach,0,12.9,0,8.9,7.32,desktop,evening,0,0,0
Tropical Beach,1,101.0,3,7.2,19.2,mobile,morning,1,1,0
Tropical Beach,0,15.6,0,7.4,6.33,desktop,morning,0,0,0
Tropical Beach,0,27.8,0,8.6,7.84,mobile,evening,0,0,0
Tropical Beach,0,10.0,0,7.7,6.28,mobile,afternoon,0,0,0
Tropical Beach,0,4.7,0,9.0,6.99,mobile,afternoon,0,0,0
Tropical Beach,0,17.3,0,8.3,7.09,mobile,afternoon,0,0,0
Tropical Beach,1,90.1,2,7.6,17.7,desktop,evening,0,0,0
Tropical Beach,0,20.1,0,7.8,6.85,mobile,morning,0,0,0
Tropical Beach,0,15.7,0,8.7,7.31,mobile,morning,0,0,0
Tropical Beach,0,9.9,0,8.1,6.57,desktop,morning,0,0,1
Tropical Beach,0,16.8,0,8.5,7.21,desktop,evening,0,0,0
Tropical Beach,0,12.4,0,7.1,5.94,mobile,morning,0,0,0
Tropical Beach,0,29.7,0,7.2,6.89,mobile,afternoon,0,0,0
Tropical Beach,0,24.0,0,8.5,7.58,mobile,evening,0,0,0
Tropical Beach,0,8.0,0,9.1,7.22,mobile,morning,0,0,0
Tropical Beach,0,18.8,0,8.6,7.39,desktop,evening,0,0,0
Tropical Beach,0,19.1,0,8.4,7.26,desktop,morning,0,0,0
Tropical Beach,0,12.7,0,6.9,5.81,mobile,afternoon,0,0,0
Tropical Beach,0,6.9,0,9.7,7.62,desktop,evening,0,0,0
Tropical Beach,0,21.0,0,7.4,6.6,desktop,afternoon,0,0,0
Tropical Beach,0,8.3,0,8.7,6.94,desktop,afternoon,0,0,0
Tropical Beach,0,13.0,0,8.7,7.17,mobile,morning,0,0,0
Tropical Beach,0,11.1,0,8.2,6.7,mobile,evening,0,0,0
Tropical Beach,0,23.1,0,8.4,7.46,mobile,evening,0,0,0
Tropical Beach,0,22.9,0,8.5,7.52,mobile,morning,0,0,0
Tropical Beach,0,15.4,0,8.7,7.29,mobile,evening,0,0,0
Tropical Beach,0,19.3,0,8.5,7.34,tablet,afternoon,0,0,0
Tropical Beach,0,11.2,0,7.3,6.03,mobile,evening,0,0,0
Tropical Beach,0,11.0,0,8.3,6.78,desktop,afternoon,0,0,1
Tropical Beach,0,7.4,0,7.9,6.3,desktop,afternoon,0,0,0
Tropical Beach,0,20.4,0,8.3,7.25,mobile,afternoon,0,1,0
Tropical Beach,0,17.4,0,6.7,5.9,desktop,afternoon,0,0,0
Tropical Beach,0,16.3,0,9.1,7.64,mobile,evening,1,0,0
Tropical Beach,0,12.4,0,7.5,6.25,tablet,evening,0,0,1
Tropical Beach,0,13.3,0,8.7,7.19,mobile,morning,0,0,0
Tropical Beach,0,6.5,0,7.7,6.1,mobile,morning,0,0,1
Tropical Beach,0,13.6,0,6.3,5.4,desktop,evening,0,0,0
Tropical Beach,1,88.4,2,9.0,18.67,mobile,afternoon,0,0,0
Tropical Beach,1,72.4,1,7.9,15.8,desktop,evening,0,0,0
Tropical Beach,0,18.2,0,8.7,7.43,mobile,afternoon,0,0,0
Tropical Beach,0,14.4,0,9.3,7.7,tablet,afternoon,0,0,1
Tropical Beach,1,81.9,3,9.6,20.05,tablet,afternoon,1,0,0
Tropical Beach,0,18.4,0,8.0,6.92,mobile,morning,0,0,0
Tropical Beach,1,77.0,1,7.3,15.57,mobile,evening,1,1,0
Tropical Beach,0,13.2,0,7.1,5.98,desktop,afternoon,0,0,0
Tropical Beach,0,20.5,0,6.9,6.2,desktop,morning,0,0,0
Tropical Beach,0,15.3,0,7.5,6.39,desktop,evening,0,0,0
Tropical Beach,0,15.0,0,8.6,7.2,desktop,evening,0,0,0
Tropical Beach,1,58.3,2,7.9,16.34,mobile,afternoon,1,0,0
Tropical Beach,0,12.1,0,7.2,6.01,desktop,evening,0,0,0
Tropical Beach,1,81.4,3,8.6,19.27,desktop,morning,0,0,0
Tropical Beach,0,15.5,0,7.8,6.62,mobile,afternoon,0,0,0
Tropical Beach,0,14.7,0,9.0,7.49,mobile,afternoon,0,1,0
Tropical Beach,0,10.7,0,7.7,6.31,desktop,evening,0,0,0
Tropical Beach,0,16.6,0,7.0,6.08,desktop,morning,0,0,0
Tropical Beach,0,19.9,0,9.2,7.89,tablet,afternoon,0,0,0
Tropical Beach,0,14.8,0,8.6,7.19,desktop,morning,0,0,0
Tropical Beach,0,16.5,0,8.3,7.05,mobile,evening,0,0,0
Tropical Beach,0,13.1,0,7.7,6.43,desktop,afternoon,0,0,0
Tropical Beach,0,14.1,0,8.1,6.78,desktop,afternoon,0,0,0
Tropical Beach,0,15.4,0,8.1,6.84,mobile,evening,0,0,1
Tropical Beach,0,11.4,0,7.8,6.42,mobile,morning,0,0,0
Tropical Beach,0,17.2,0,7.1,6.18,mobile,evening,0,0,0
Tropical Beach,0,18.5,0,8.5,7.3,mobile,evening,0,0,0
Tropical Beach,0,12.6,0,8.8,7.23,mobile,morning,0,0,0
Tropical Beach,0,13.9,0,8.0,6.7,mobile,evening,0,0,0
Tropical Beach,1,108.9,0,6.9,15.62,mobile,afternoon,0,1,1
Tropical Beach,0,18.1,0,6.3,5.63,mobile,morning,0,0,0
Tropical Beach,0,11.9,0,8.8,7.2,mobile,morning,0,0,0
Tropical Beach,0,13.9,0,7.6,6.39,mobile,evening,0,0,0
Tropical Beach,1,94.2,1,9.1,17.79,desktop,afternoon,1,0,0
Tropical Beach,0,18.2,0,6.8,6.01,mobile,evening,0,0,0
Tropical Beach,0,23.5,0,6.2,5.83,mobile,morning,0,0,0
Tropical Beach,0,22.3,0,7.5,6.74,mobile,evening,0,0,0
Tropical Beach,1,100.4,2,8.1,18.59,tablet,afternoon,1,0,1
Tropical Beach,1,85.6,2,8.7,18.3,desktop,morning,0,0,0
Tropical Beach,0,12.6,0,7.2,6.03,mobile,morning,0,0,0
Tropical Beach,0,16.5,0,7.1,6.15,desktop,morning,0,0,0
Tropical Beach,0,13.1,0,9.3,7.63,mobile,morning,0,0,0
Tropical Beach,0,7.4,0,8.9,7.05,mobile,morning,0,0,0
Tropical Beach,0,13.3,0,7.4,6.22,mobile,afternoon,0,0,0
Tropical Beach,0,7.8,0,8.6,6.84,desktop,afternoon,0,0,0
Tropical Beach,1,117.4,2,7.6,19.07,mobile,afternoon,0,1,1
Tropical Beach,0,18.3,0,9.5,8.04,mobile,morning,0,0,0
Tropical Beach,1,74.8,0,6.1,13.31,mobile,evening,0,0,1
Tropical Beach,0,25.0,0,7.7,7.03,mobile,morning,0,0,0
Tropical Beach,1,114.8,0,9.0,17.49,desktop,evening,1,0,1
Tropical Beach,0,15.8,0,8.3,7.02,mobile,evening,0,0,0
Tropical Beach,0,13.3,0,8.3,6.89,mobile,evening,1,0,0
Tropical Beach,1,28.3,2,9.2,15.81,mobile,evening,0,0,0
Tropical Beach,0,6.6,0,7.9,6.26,desktop,afternoon,0,0,0
Tropical Beach,0,13.0,0,8.3,6.88,mobile,afternoon,0,1,0
Tropical Beach,0,7.1,0,8.1,6.43,mobile,afternoon,0,0,0
Tropical Beach,0,15.8,0,8.7,7.31,mobile,morning,0,0,0
Tropical Beach,0,21.4,0,5.3,5.04,mobile,afternoon,0,0,0
Tropical Beach,0,14.3,0,8.5,7.09,mobile,evening,0,0,0
Tropical Beach,1,73.5,2,7.5,16.8,mobile,afternoon,0,0,0
Tropical Beach,0,16.7,0,7.3,6.31,mobile,evening,0,0,1
Tropical Beach,1,77.0,3,7.5,18.23,tablet,afternoon,1,0,0
Tropical Beach,0,15.3,0,7.6,6.46,tablet,afternoon,0,0,0
Tropical Beach,1,69.5,2,9.6,18.17,mobile,morning,0,0,0
Tropical Beach,0,14.3,0,8.2,6.86,mobile,afternoon,0,0,0
Tropical Beach,0,13.6,0,8.6,7.13,mobile,morning,0,0,0
Tropical Beach,0,6.9,0,7.8,6.19,desktop,morning,0,0,0
Tropical Beach,0,13.4,0,6.2,5.32,mobile,morning,0,0,1
Tropical Beach,0,14.7,0,7.8,6.58,mobile,morning,0,0,0
