"entertainment","dining","cabin","amenities","cocktail_credits","avg_rating"
"East Coast Folk","Maine Lobster Nova Scotia Seafood Buffet","Cozy with Fireplace","Top Deck Hot Tubs","1",8.31307910726637
"East Coast Folk","Maine Lobster Nova Scotia Seafood Buffet","Cozy with Fireplace","Top Deck Hot Tubs","2",9.43588461762014
"East Coast Folk","Maine Lobster Nova Scotia Seafood Buffet","Cozy with Fireplace","Top Deck Hot Tubs","3",8.54098537365516
"East Coast Folk","Maine Lobster Nova Scotia Seafood Buffet","Cozy with Fireplace","Winter Wellness Spa","1",8.41545361887934
"East Coast Folk","Maine Lobster Nova Scotia Seafood Buffet","Cozy with Fireplace","Winter Wellness Spa","2",9.24129439383148
"East Coast Folk","Maine Lobster Nova Scotia Seafood Buffet","Cozy with Fireplace","Winter Wellness Spa","3",9.60032653409398
"East Coast Folk","Maine Lobster Nova Scotia Seafood Buffet","Cozy with Fireplace","Fireside Live Music","1",8.57785877442774
"East Coast Folk","Maine Lobster Nova Scotia Seafood Buffet","Cozy with Fireplace","Fireside Live Music","2",8.8863468376857
"East Coast Folk","Maine Lobster Nova Scotia Seafood Buffet","Cozy with Fireplace","Fireside Live Music","3",9.47558804013296
"East Coast Folk","Maine Lobster Nova Scotia Seafood Buffet","Nautical Chic","Top Deck Hot Tubs","1",8.94108808624523
"East Coast Folk","Maine Lobster Nova Scotia Seafood Buffet","Nautical Chic","Top Deck Hot Tubs","2",9.99409340967808
"East Coast Folk","Maine Lobster Nova Scotia Seafood Buffet","Nautical Chic","Top Deck Hot Tubs","3",7.97040393467007
"East Coast Folk","Maine Lobster Nova Scotia Seafood Buffet","Nautical Chic","Winter Wellness Spa","1",7.05352633985554
"East Coast Folk","Maine Lobster Nova Scotia Seafood Buffet","Nautical Chic","Winter Wellness Spa","2",7.83459158344664
"East Coast Folk","Maine Lobster Nova Scotia Seafood Buffet","Nautical Chic","Winter Wellness Spa","3",6.9258505979535
"East Coast Folk","Maine Lobster Nova Scotia Seafood Buffet","Nautical Chic","Fireside Live Music","1",8.56500828850455
"East Coast Folk","Maine Lobster Nova Scotia Seafood Buffet","Nautical Chic","Fireside Live Music","2",9.20276393089317
"East Coast Folk","Maine Lobster Nova Scotia Seafood Buffet","Nautical Chic","Fireside Live Music","3",8.34424512688653
"East Coast Folk","Maine Lobster Nova Scotia Seafood Buffet","Romantic Escape","Top Deck Hot Tubs","1",8.90518192432974
"East Coast Folk","Maine Lobster Nova Scotia Seafood Buffet","Romantic Escape","Top Deck Hot Tubs","2",8.82396197024804
"East Coast Folk","Maine Lobster Nova Scotia Seafood Buffet","Romantic Escape","Top Deck Hot Tubs","3",8.77982435517476
"East Coast Folk","Maine Lobster Nova Scotia Seafood Buffet","Romantic Escape","Winter Wellness Spa","1",8.76902220681811
"East Coast Folk","Maine Lobster Nova Scotia Seafood Buffet","Romantic Escape","Winter Wellness Spa","2",9.92563109695634
"East Coast Folk","Maine Lobster Nova Scotia Seafood Buffet","Romantic Escape","Winter Wellness Spa","3",9.44428879981784
"East Coast Folk","Maine Lobster Nova Scotia Seafood Buffet","Romantic Escape","Fireside Live Music","1",7.85332117899356
"East Coast Folk","Maine Lobster Nova Scotia Seafood Buffet","Romantic Escape","Fireside Live Music","2",7.71386222997115
"East Coast Folk","Maine Lobster Nova Scotia Seafood Buffet","Romantic Escape","Fireside Live Music","3",7.23174539033586
"East Coast Folk","Maine Lobster Nova Scotia Seafood Buffet","Modern Minimalist","Top Deck Hot Tubs","1",8.40438648759161
"East Coast Folk","Maine Lobster Nova Scotia Seafood Buffet","Modern Minimalist","Top Deck Hot Tubs","2",8.25533876838261
"East Coast Folk","Maine Lobster Nova Scotia Seafood Buffet","Modern Minimalist","Top Deck Hot Tubs","3",8.50780996212861
"East Coast Folk","Maine Lobster Nova Scotia Seafood Buffet","Modern Minimalist","Winter Wellness Spa","1",7.05667173494442
"East Coast Folk","Maine Lobster Nova Scotia Seafood Buffet","Modern Minimalist","Winter Wellness Spa","2",7.30734054994671
"East Coast Folk","Maine Lobster Nova Scotia Seafood Buffet","Modern Minimalist","Winter Wellness Spa","3",6.44258127699162
"East Coast Folk","Maine Lobster Nova Scotia Seafood Buffet","Modern Minimalist","Fireside Live Music","1",8.61473312462331
"East Coast Folk","Maine Lobster Nova Scotia Seafood Buffet","Modern Minimalist","Fireside Live Music","2",9.17750446986867
"East Coast Folk","Maine Lobster Nova Scotia Seafood Buffet","Modern Minimalist","Fireside Live Music","3",7.38622143213347
"East Coast Folk","Formal Multi-Course Plated","Cozy with Fireplace","Top Deck Hot Tubs","1",5.86826443736951
"East Coast Folk","Formal Multi-Course Plated","Cozy with Fireplace","Top Deck Hot Tubs","2",7.99364462867009
"East Coast Folk","Formal Multi-Course Plated","Cozy with Fireplace","Top Deck Hot Tubs","3",6.78042370737275
"East Coast Folk","Formal Multi-Course Plated","Cozy with Fireplace","Winter Wellness Spa","1",5.41496676300399
"East Coast Folk","Formal Multi-Course Plated","Cozy with Fireplace","Winter Wellness Spa","2",6.65448286444426
"East Coast Folk","Formal Multi-Course Plated","Cozy with Fireplace","Winter Wellness Spa","3",2.99165628291003
"East Coast Folk","Formal Multi-Course Plated","Cozy with Fireplace","Fireside Live Music","1",4.66151318329541
"East Coast Folk","Formal Multi-Course Plated","Cozy with Fireplace","Fireside Live Music","2",4.5297655667853
"East Coast Folk","Formal Multi-Course Plated","Cozy with Fireplace","Fireside Live Music","3",7.4126073884893
"East Coast Folk","Formal Multi-Course Plated","Nautical Chic","Top Deck Hot Tubs","1",8.11009334682248
"East Coast Folk","Formal Multi-Course Plated","Nautical Chic","Top Deck Hot Tubs","2",8.49579800778377
"East Coast Folk","Formal Multi-Course Plated","Nautical Chic","Top Deck Hot Tubs","3",7.29749186367481
"East Coast Folk","Formal Multi-Course Plated","Nautical Chic","Winter Wellness Spa","1",8.29553417923246
"East Coast Folk","Formal Multi-Course Plated","Nautical Chic","Winter Wellness Spa","2",6.48160816690596
"East Coast Folk","Formal Multi-Course Plated","Nautical Chic","Winter Wellness Spa","3",6.88449129836756
"East Coast Folk","Formal Multi-Course Plated","Nautical Chic","Fireside Live Music","1",5.98449069214485
"East Coast Folk","Formal Multi-Course Plated","Nautical Chic","Fireside Live Music","2",7.69175017362272
"East Coast Folk","Formal Multi-Course Plated","Nautical Chic","Fireside Live Music","3",3.848676689558
"East Coast Folk","Formal Multi-Course Plated","Romantic Escape","Top Deck Hot Tubs","1",7.04004778685255
"East Coast Folk","Formal Multi-Course Plated","Romantic Escape","Top Deck Hot Tubs","2",7.60234207627641
"East Coast Folk","Formal Multi-Course Plated","Romantic Escape","Top Deck Hot Tubs","3",3.60865972576111
"East Coast Folk","Formal Multi-Course Plated","Romantic Escape","Winter Wellness Spa","1",6.42073963568462
"East Coast Folk","Formal Multi-Course Plated","Romantic Escape","Winter Wellness Spa","2",7.59080264913501
"East Coast Folk","Formal Multi-Course Plated","Romantic Escape","Winter Wellness Spa","3",5.82245683819542
"East Coast Folk","Formal Multi-Course Plated","Romantic Escape","Fireside Live Music","1",6.06731906723653
"East Coast Folk","Formal Multi-Course Plated","Romantic Escape","Fireside Live Music","2",5.55883871759927
"East Coast Folk","Formal Multi-Course Plated","Romantic Escape","Fireside Live Music","3",5.67388708939157
"East Coast Folk","Formal Multi-Course Plated","Modern Minimalist","Top Deck Hot Tubs","1",7.41779694040757
"East Coast Folk","Formal Multi-Course Plated","Modern Minimalist","Top Deck Hot Tubs","2",9.62391868694581
"East Coast Folk","Formal Multi-Course Plated","Modern Minimalist","Top Deck Hot Tubs","3",8.14704952636697
"East Coast Folk","Formal Multi-Course Plated","Modern Minimalist","Winter Wellness Spa","1",2.28585762539555
"East Coast Folk","Formal Multi-Course Plated","Modern Minimalist","Winter Wellness Spa","2",5.50864888438279
"East Coast Folk","Formal Multi-Course Plated","Modern Minimalist","Winter Wellness Spa","3",3.94604212846497
"East Coast Folk","Formal Multi-Course Plated","Modern Minimalist","Fireside Live Music","1",6.76926877057797
"East Coast Folk","Formal Multi-Course Plated","Modern Minimalist","Fireside Live Music","2",7.09537472841805
"East Coast Folk","Formal Multi-Course Plated","Modern Minimalist","Fireside Live Music","3",2.62841214055951
"East Coast Folk","Coastal Tapas & Tasting Stations","Cozy with Fireplace","Top Deck Hot Tubs","1",7.30006249524664
"East Coast Folk","Coastal Tapas & Tasting Stations","Cozy with Fireplace","Top Deck Hot Tubs","2",3.21735634001899
"East Coast Folk","Coastal Tapas & Tasting Stations","Cozy with Fireplace","Top Deck Hot Tubs","3",4.51617984872005
"East Coast Folk","Coastal Tapas & Tasting Stations","Cozy with Fireplace","Winter Wellness Spa","1",7.10993265886689
"East Coast Folk","Coastal Tapas & Tasting Stations","Cozy with Fireplace","Winter Wellness Spa","2",8.23882405124725
"East Coast Folk","Coastal Tapas & Tasting Stations","Cozy with Fireplace","Winter Wellness Spa","3",4.44260698213523
"East Coast Folk","Coastal Tapas & Tasting Stations","Cozy with Fireplace","Fireside Live Music","1",7.78734023507449
"East Coast Folk","Coastal Tapas & Tasting Stations","Cozy with Fireplace","Fireside Live Music","2",7.72468064107807
"East Coast Folk","Coastal Tapas & Tasting Stations","Cozy with Fireplace","Fireside Live Music","3",7.56858344690828
"East Coast Folk","Coastal Tapas & Tasting Stations","Nautical Chic","Top Deck Hot Tubs","1",7.92455461592296
"East Coast Folk","Coastal Tapas & Tasting Stations","Nautical Chic","Top Deck Hot Tubs","2",8.31891203928773
"East Coast Folk","Coastal Tapas & Tasting Stations","Nautical Chic","Top Deck Hot Tubs","3",7.33044717848804
"East Coast Folk","Coastal Tapas & Tasting Stations","Nautical Chic","Winter Wellness Spa","1",9.27569747940547
"East Coast Folk","Coastal Tapas & Tasting Stations","Nautical Chic","Winter Wellness Spa","2",8.03214355582056
"East Coast Folk","Coastal Tapas & Tasting Stations","Nautical Chic","Winter Wellness Spa","3",5.21638358323024
"East Coast Folk","Coastal Tapas & Tasting Stations","Nautical Chic","Fireside Live Music","1",8.20285959293704
"East Coast Folk","Coastal Tapas & Tasting Stations","Nautical Chic","Fireside Live Music","2",8.20191966803886
"East Coast Folk","Coastal Tapas & Tasting Stations","Nautical Chic","Fireside Live Music","3",5.91782858137752
"East Coast Folk","Coastal Tapas & Tasting Stations","Romantic Escape","Top Deck Hot Tubs","1",7.29046633259073
"East Coast Folk","Coastal Tapas & Tasting Stations","Romantic Escape","Top Deck Hot Tubs","2",4.75128747104482
"East Coast Folk","Coastal Tapas & Tasting Stations","Romantic Escape","Top Deck Hot Tubs","3",3.61999320841657
"East Coast Folk","Coastal Tapas & Tasting Stations","Romantic Escape","Winter Wellness Spa","1",6.66566620090442
"East Coast Folk","Coastal Tapas & Tasting Stations","Romantic Escape","Winter Wellness Spa","2",9.16911836380385
"East Coast Folk","Coastal Tapas & Tasting Stations","Romantic Escape","Winter Wellness Spa","3",7.52220080263849
"East Coast Folk","Coastal Tapas & Tasting Stations","Romantic Escape","Fireside Live Music","1",5.34907331163447
"East Coast Folk","Coastal Tapas & Tasting Stations","Romantic Escape","Fireside Live Music","2",9.49404244161025
"East Coast Folk","Coastal Tapas & Tasting Stations","Romantic Escape","Fireside Live Music","3",4.35814527539291
"East Coast Folk","Coastal Tapas & Tasting Stations","Modern Minimalist","Top Deck Hot Tubs","1",8.12678854882832
"East Coast Folk","Coastal Tapas & Tasting Stations","Modern Minimalist","Top Deck Hot Tubs","2",7.38146091320335
"East Coast Folk","Coastal Tapas & Tasting Stations","Modern Minimalist","Top Deck Hot Tubs","3",5.28895701440426
"East Coast Folk","Coastal Tapas & Tasting Stations","Modern Minimalist","Winter Wellness Spa","1",6.82192989958146
"East Coast Folk","Coastal Tapas & Tasting Stations","Modern Minimalist","Winter Wellness Spa","2",7.40085089389024
"East Coast Folk","Coastal Tapas & Tasting Stations","Modern Minimalist","Winter Wellness Spa","3",3.83979380579843
"East Coast Folk","Coastal Tapas & Tasting Stations","Modern Minimalist","Fireside Live Music","1",5.52882784657585
"East Coast Folk","Coastal Tapas & Tasting Stations","Modern Minimalist","Fireside Live Music","2",5.58815887491808
"East Coast Folk","Coastal Tapas & Tasting Stations","Modern Minimalist","Fireside Live Music","3",8.61015580805942
"East Coast Folk","Casual Fireside Grill with Hot Cider","Cozy with Fireplace","Top Deck Hot Tubs","1",6.40485300506748
"East Coast Folk","Casual Fireside Grill with Hot Cider","Cozy with Fireplace","Top Deck Hot Tubs","2",6.60281103052111
"East Coast Folk","Casual Fireside Grill with Hot Cider","Cozy with Fireplace","Top Deck Hot Tubs","3",8.74923309145831
"East Coast Folk","Casual Fireside Grill with Hot Cider","Cozy with Fireplace","Winter Wellness Spa","1",6.10405616388272
"East Coast Folk","Casual Fireside Grill with Hot Cider","Cozy with Fireplace","Winter Wellness Spa","2",8.71967656045791
"East Coast Folk","Casual Fireside Grill with Hot Cider","Cozy with Fireplace","Winter Wellness Spa","3",7.13871784499903
"East Coast Folk","Casual Fireside Grill with Hot Cider","Cozy with Fireplace","Fireside Live Music","1",3.41034100518681
"East Coast Folk","Casual Fireside Grill with Hot Cider","Cozy with Fireplace","Fireside Live Music","2",6.26628980841757
"East Coast Folk","Casual Fireside Grill with Hot Cider","Cozy with Fireplace","Fireside Live Music","3",5.01642187656555
"East Coast Folk","Casual Fireside Grill with Hot Cider","Nautical Chic","Top Deck Hot Tubs","1",9.0940726370954
"East Coast Folk","Casual Fireside Grill with Hot Cider","Nautical Chic","Top Deck Hot Tubs","2",9.55059630329362
"East Coast Folk","Casual Fireside Grill with Hot Cider","Nautical Chic","Top Deck Hot Tubs","3",8.96503018884091
"East Coast Folk","Casual Fireside Grill with Hot Cider","Nautical Chic","Winter Wellness Spa","1",8.3234579756839
"East Coast Folk","Casual Fireside Grill with Hot Cider","Nautical Chic","Winter Wellness Spa","2",4.71296434320184
"East Coast Folk","Casual Fireside Grill with Hot Cider","Nautical Chic","Winter Wellness Spa","3",7.87633013106253
"East Coast Folk","Casual Fireside Grill with Hot Cider","Nautical Chic","Fireside Live Music","1",9.06079665891722
"East Coast Folk","Casual Fireside Grill with Hot Cider","Nautical Chic","Fireside Live Music","2",9.06762331205879
"East Coast Folk","Casual Fireside Grill with Hot Cider","Nautical Chic","Fireside Live Music","3",4.56030265462556
"East Coast Folk","Casual Fireside Grill with Hot Cider","Romantic Escape","Top Deck Hot Tubs","1",5.22592212479839
"East Coast Folk","Casual Fireside Grill with Hot Cider","Romantic Escape","Top Deck Hot Tubs","2",8.07934093894012
"East Coast Folk","Casual Fireside Grill with Hot Cider","Romantic Escape","Top Deck Hot Tubs","3",8.89981645700487
"East Coast Folk","Casual Fireside Grill with Hot Cider","Romantic Escape","Winter Wellness Spa","1",8.50053780245056
"East Coast Folk","Casual Fireside Grill with Hot Cider","Romantic Escape","Winter Wellness Spa","2",8.51094904660929
"East Coast Folk","Casual Fireside Grill with Hot Cider","Romantic Escape","Winter Wellness Spa","3",5.1138202550929
"East Coast Folk","Casual Fireside Grill with Hot Cider","Romantic Escape","Fireside Live Music","1",8.96632743181787
"East Coast Folk","Casual Fireside Grill with Hot Cider","Romantic Escape","Fireside Live Music","2",7.28403636330271
"East Coast Folk","Casual Fireside Grill with Hot Cider","Romantic Escape","Fireside Live Music","3",5.31590789087316
"East Coast Folk","Casual Fireside Grill with Hot Cider","Modern Minimalist","Top Deck Hot Tubs","1",6.83366078335429
"East Coast Folk","Casual Fireside Grill with Hot Cider","Modern Minimalist","Top Deck Hot Tubs","2",8.54613495988774
"East Coast Folk","Casual Fireside Grill with Hot Cider","Modern Minimalist","Top Deck Hot Tubs","3",7.47637041709654
"East Coast Folk","Casual Fireside Grill with Hot Cider","Modern Minimalist","Winter Wellness Spa","1",3.71963291992342
"East Coast Folk","Casual Fireside Grill with Hot Cider","Modern Minimalist","Winter Wellness Spa","2",5.55842712419975
"East Coast Folk","Casual Fireside Grill with Hot Cider","Modern Minimalist","Winter Wellness Spa","3",6.57608190460196
"East Coast Folk","Casual Fireside Grill with Hot Cider","Modern Minimalist","Fireside Live Music","1",4.13741663675147
"East Coast Folk","Casual Fireside Grill with Hot Cider","Modern Minimalist","Fireside Live Music","2",6.49437060763202
"East Coast Folk","Casual Fireside Grill with Hot Cider","Modern Minimalist","Fireside Live Music","3",4.52857148280092
"Jazz Blues","Maine Lobster Nova Scotia Seafood Buffet","Cozy with Fireplace","Top Deck Hot Tubs","1",9.3705621360486
"Jazz Blues","Maine Lobster Nova Scotia Seafood Buffet","Cozy with Fireplace","Top Deck Hot Tubs","2",8.4308746916765
"Jazz Blues","Maine Lobster Nova Scotia Seafood Buffet","Cozy with Fireplace","Top Deck Hot Tubs","3",7.07614670702401
"Jazz Blues","Maine Lobster Nova Scotia Seafood Buffet","Cozy with Fireplace","Winter Wellness Spa","1",9.09371812554437
"Jazz Blues","Maine Lobster Nova Scotia Seafood Buffet","Cozy with Fireplace","Winter Wellness Spa","2",9.75548113711466
"Jazz Blues","Maine Lobster Nova Scotia Seafood Buffet","Cozy with Fireplace","Winter Wellness Spa","3",7.06661733521106
"Jazz Blues","Maine Lobster Nova Scotia Seafood Buffet","Cozy with Fireplace","Fireside Live Music","1",7.37621732562343
"Jazz Blues","Maine Lobster Nova Scotia Seafood Buffet","Cozy with Fireplace","Fireside Live Music","2",6.06110599831159
"Jazz Blues","Maine Lobster Nova Scotia Seafood Buffet","Cozy with Fireplace","Fireside Live Music","3",8.76341181215921
"Jazz Blues","Maine Lobster Nova Scotia Seafood Buffet","Nautical Chic","Top Deck Hot Tubs","1",6.67222636027263
"Jazz Blues","Maine Lobster Nova Scotia Seafood Buffet","Nautical Chic","Top Deck Hot Tubs","2",9.23372875915733
"Jazz Blues","Maine Lobster Nova Scotia Seafood Buffet","Nautical Chic","Top Deck Hot Tubs","3",8.6787442294721
"Jazz Blues","Maine Lobster Nova Scotia Seafood Buffet","Nautical Chic","Winter Wellness Spa","1",7.9613221801201
"Jazz Blues","Maine Lobster Nova Scotia Seafood Buffet","Nautical Chic","Winter Wellness Spa","2",8.37091078170104
"Jazz Blues","Maine Lobster Nova Scotia Seafood Buffet","Nautical Chic","Winter Wellness Spa","3",7.87551032141736
"Jazz Blues","Maine Lobster Nova Scotia Seafood Buffet","Nautical Chic","Fireside Live Music","1",7.93108797295863
"Jazz Blues","Maine Lobster Nova Scotia Seafood Buffet","Nautical Chic","Fireside Live Music","2",9.08437680191186
"Jazz Blues","Maine Lobster Nova Scotia Seafood Buffet","Nautical Chic","Fireside Live Music","3",6.40548560274679
"Jazz Blues","Maine Lobster Nova Scotia Seafood Buffet","Romantic Escape","Top Deck Hot Tubs","1",9.25133275781035
"Jazz Blues","Maine Lobster Nova Scotia Seafood Buffet","Romantic Escape","Top Deck Hot Tubs","2",9.33648023251531
"Jazz Blues","Maine Lobster Nova Scotia Seafood Buffet","Romantic Escape","Top Deck Hot Tubs","3",7.899400331725
"Jazz Blues","Maine Lobster Nova Scotia Seafood Buffet","Romantic Escape","Winter Wellness Spa","1",8.83150070314804
"Jazz Blues","Maine Lobster Nova Scotia Seafood Buffet","Romantic Escape","Winter Wellness Spa","2",9.76130506618334
"Jazz Blues","Maine Lobster Nova Scotia Seafood Buffet","Romantic Escape","Winter Wellness Spa","3",5.57780854561778
"Jazz Blues","Maine Lobster Nova Scotia Seafood Buffet","Romantic Escape","Fireside Live Music","1",8.52681676117244
"Jazz Blues","Maine Lobster Nova Scotia Seafood Buffet","Romantic Escape","Fireside Live Music","2",7.48569701572294
"Jazz Blues","Maine Lobster Nova Scotia Seafood Buffet","Romantic Escape","Fireside Live Music","3",6.23384965274659
"Jazz Blues","Maine Lobster Nova Scotia Seafood Buffet","Modern Minimalist","Top Deck Hot Tubs","1",5.36060675488725
"Jazz Blues","Maine Lobster Nova Scotia Seafood Buffet","Modern Minimalist","Top Deck Hot Tubs","2",8.21552303107157
"Jazz Blues","Maine Lobster Nova Scotia Seafood Buffet","Modern Minimalist","Top Deck Hot Tubs","3",6.18047687545356
"Jazz Blues","Maine Lobster Nova Scotia Seafood Buffet","Modern Minimalist","Winter Wellness Spa","1",9.25194345163872
"Jazz Blues","Maine Lobster Nova Scotia Seafood Buffet","Modern Minimalist","Winter Wellness Spa","2",7.9933340149651
"Jazz Blues","Maine Lobster Nova Scotia Seafood Buffet","Modern Minimalist","Winter Wellness Spa","3",6.25955543603308
"Jazz Blues","Maine Lobster Nova Scotia Seafood Buffet","Modern Minimalist","Fireside Live Music","1",8.56292196828307
"Jazz Blues","Maine Lobster Nova Scotia Seafood Buffet","Modern Minimalist","Fireside Live Music","2",3.26416981307459
"Jazz Blues","Maine Lobster Nova Scotia Seafood Buffet","Modern Minimalist","Fireside Live Music","3",8.14549832237732
"Jazz Blues","Formal Multi-Course Plated","Cozy with Fireplace","Top Deck Hot Tubs","1",4.25227765056679
"Jazz Blues","Formal Multi-Course Plated","Cozy with Fireplace","Top Deck Hot Tubs","2",6.83362476148839
"Jazz Blues","Formal Multi-Course Plated","Cozy with Fireplace","Top Deck Hot Tubs","3",7.77685490608906
"Jazz Blues","Formal Multi-Course Plated","Cozy with Fireplace","Winter Wellness Spa","1",5.23996285004855
"Jazz Blues","Formal Multi-Course Plated","Cozy with Fireplace","Winter Wellness Spa","2",7.26663949532496
"Jazz Blues","Formal Multi-Course Plated","Cozy with Fireplace","Winter Wellness Spa","3",5.5767137029016
"Jazz Blues","Formal Multi-Course Plated","Cozy with Fireplace","Fireside Live Music","1",4.40846684628862
"Jazz Blues","Formal Multi-Course Plated","Cozy with Fireplace","Fireside Live Music","2",3.17289647039489
"Jazz Blues","Formal Multi-Course Plated","Cozy with Fireplace","Fireside Live Music","3",4.58021811156888
"Jazz Blues","Formal Multi-Course Plated","Nautical Chic","Top Deck Hot Tubs","1",7.81298012044251
"Jazz Blues","Formal Multi-Course Plated","Nautical Chic","Top Deck Hot Tubs","2",6.34403870107976
"Jazz Blues","Formal Multi-Course Plated","Nautical Chic","Top Deck Hot Tubs","3",7.45441874510787
"Jazz Blues","Formal Multi-Course Plated","Nautical Chic","Winter Wellness Spa","1",4.27586207327862
"Jazz Blues","Formal Multi-Course Plated","Nautical Chic","Winter Wellness Spa","2",8.95064307840718
"Jazz Blues","Formal Multi-Course Plated","Nautical Chic","Winter Wellness Spa","3",6.6583548290665
"Jazz Blues","Formal Multi-Course Plated","Nautical Chic","Fireside Live Music","1",6.0310980915262
"Jazz Blues","Formal Multi-Course Plated","Nautical Chic","Fireside Live Music","2",7.01686149688021
"Jazz Blues","Formal Multi-Course Plated","Nautical Chic","Fireside Live Music","3",5.25564809192922
"Jazz Blues","Formal Multi-Course Plated","Romantic Escape","Top Deck Hot Tubs","1",8.71658699990836
"Jazz Blues","Formal Multi-Course Plated","Romantic Escape","Top Deck Hot Tubs","2",6.78101998307834
"Jazz Blues","Formal Multi-Course Plated","Romantic Escape","Top Deck Hot Tubs","3",6.72010706194402
"Jazz Blues","Formal Multi-Course Plated","Romantic Escape","Winter Wellness Spa","1",5.52363846813056
"Jazz Blues","Formal Multi-Course Plated","Romantic Escape","Winter Wellness Spa","2",5.75059814886413
"Jazz Blues","Formal Multi-Course Plated","Romantic Escape","Winter Wellness Spa","3",5.47118153681838
"Jazz Blues","Formal Multi-Course Plated","Romantic Escape","Fireside Live Music","1",4.11527606992114
"Jazz Blues","Formal Multi-Course Plated","Romantic Escape","Fireside Live Music","2",8.46826172329725
"Jazz Blues","Formal Multi-Course Plated","Romantic Escape","Fireside Live Music","3",2.55560262523333
"Jazz Blues","Formal Multi-Course Plated","Modern Minimalist","Top Deck Hot Tubs","1",2.41388521771416
"Jazz Blues","Formal Multi-Course Plated","Modern Minimalist","Top Deck Hot Tubs","2",7.39084183106727
"Jazz Blues","Formal Multi-Course Plated","Modern Minimalist","Top Deck Hot Tubs","3",8.61660694759849
"Jazz Blues","Formal Multi-Course Plated","Modern Minimalist","Winter Wellness Spa","1",7.33232500740166
"Jazz Blues","Formal Multi-Course Plated","Modern Minimalist","Winter Wellness Spa","2",6.23446087621863
"Jazz Blues","Formal Multi-Course Plated","Modern Minimalist","Winter Wellness Spa","3",2.52695754046534
"Jazz Blues","Formal Multi-Course Plated","Modern Minimalist","Fireside Live Music","1",5.0325565379117
"Jazz Blues","Formal Multi-Course Plated","Modern Minimalist","Fireside Live Music","2",5.93201580386609
"Jazz Blues","Formal Multi-Course Plated","Modern Minimalist","Fireside Live Music","3",5.90291062623147
"Jazz Blues","Coastal Tapas & Tasting Stations","Cozy with Fireplace","Top Deck Hot Tubs","1",8.61343288694186
"Jazz Blues","Coastal Tapas & Tasting Stations","Cozy with Fireplace","Top Deck Hot Tubs","2",7.89321998730115
"Jazz Blues","Coastal Tapas & Tasting Stations","Cozy with Fireplace","Top Deck Hot Tubs","3",6.54962072251096
"Jazz Blues","Coastal Tapas & Tasting Stations","Cozy with Fireplace","Winter Wellness Spa","1",6.05677310281677
"Jazz Blues","Coastal Tapas & Tasting Stations","Cozy with Fireplace","Winter Wellness Spa","2",6.13968882965508
"Jazz Blues","Coastal Tapas & Tasting Stations","Cozy with Fireplace","Winter Wellness Spa","3",8.53192668440264
"Jazz Blues","Coastal Tapas & Tasting Stations","Cozy with Fireplace","Fireside Live Music","1",6.7046189137618
"Jazz Blues","Coastal Tapas & Tasting Stations","Cozy with Fireplace","Fireside Live Music","2",8.01863895193647
"Jazz Blues","Coastal Tapas & Tasting Stations","Cozy with Fireplace","Fireside Live Music","3",5.37027503724491
"Jazz Blues","Coastal Tapas & Tasting Stations","Nautical Chic","Top Deck Hot Tubs","1",8.94917957045267
"Jazz Blues","Coastal Tapas & Tasting Stations","Nautical Chic","Top Deck Hot Tubs","2",7.50293328212536
"Jazz Blues","Coastal Tapas & Tasting Stations","Nautical Chic","Top Deck Hot Tubs","3",7.42493327705684
"Jazz Blues","Coastal Tapas & Tasting Stations","Nautical Chic","Winter Wellness Spa","1",7.06417771613655
"Jazz Blues","Coastal Tapas & Tasting Stations","Nautical Chic","Winter Wellness Spa","2",7.82195607986876
"Jazz Blues","Coastal Tapas & Tasting Stations","Nautical Chic","Winter Wellness Spa","3",5.78514520532152
"Jazz Blues","Coastal Tapas & Tasting Stations","Nautical Chic","Fireside Live Music","1",8.04597244235249
"Jazz Blues","Coastal Tapas & Tasting Stations","Nautical Chic","Fireside Live Music","2",8.14127241330366
"Jazz Blues","Coastal Tapas & Tasting Stations","Nautical Chic","Fireside Live Music","3",8.20167403686428
"Jazz Blues","Coastal Tapas & Tasting Stations","Romantic Escape","Top Deck Hot Tubs","1",7.96783528154058
"Jazz Blues","Coastal Tapas & Tasting Stations","Romantic Escape","Top Deck Hot Tubs","2",8.81011211530349
"Jazz Blues","Coastal Tapas & Tasting Stations","Romantic Escape","Top Deck Hot Tubs","3",8.82409957922102
"Jazz Blues","Coastal Tapas & Tasting Stations","Romantic Escape","Winter Wellness Spa","1",5.39740132399028
"Jazz Blues","Coastal Tapas & Tasting Stations","Romantic Escape","Winter Wellness Spa","2",8.10066940680955
"Jazz Blues","Coastal Tapas & Tasting Stations","Romantic Escape","Winter Wellness Spa","3",7.98805920625497
"Jazz Blues","Coastal Tapas & Tasting Stations","Romantic Escape","Fireside Live Music","1",9.54463746630095
"Jazz Blues","Coastal Tapas & Tasting Stations","Romantic Escape","Fireside Live Music","2",6.01070213192031
"Jazz Blues","Coastal Tapas & Tasting Stations","Romantic Escape","Fireside Live Music","3",4.95764173867718
"Jazz Blues","Coastal Tapas & Tasting Stations","Modern Minimalist","Top Deck Hot Tubs","1",9.33307601000851
"Jazz Blues","Coastal Tapas & Tasting Stations","Modern Minimalist","Top Deck Hot Tubs","2",7.03045164497017
"Jazz Blues","Coastal Tapas & Tasting Stations","Modern Minimalist","Top Deck Hot Tubs","3",6.92624518932284
"Jazz Blues","Coastal Tapas & Tasting Stations","Modern Minimalist","Winter Wellness Spa","1",7.22963031434795
"Jazz Blues","Coastal Tapas & Tasting Stations","Modern Minimalist","Winter Wellness Spa","2",9.51225953473866
"Jazz Blues","Coastal Tapas & Tasting Stations","Modern Minimalist","Winter Wellness Spa","3",5.4409131029386
"Jazz Blues","Coastal Tapas & Tasting Stations","Modern Minimalist","Fireside Live Music","1",7.42785379285626
"Jazz Blues","Coastal Tapas & Tasting Stations","Modern Minimalist","Fireside Live Music","2",6.48952221172265
"Jazz Blues","Coastal Tapas & Tasting Stations","Modern Minimalist","Fireside Live Music","3",5.07068582917223
"Jazz Blues","Casual Fireside Grill with Hot Cider","Cozy with Fireplace","Top Deck Hot Tubs","1",9.95450551241565
"Jazz Blues","Casual Fireside Grill with Hot Cider","Cozy with Fireplace","Top Deck Hot Tubs","2",9.5531511307748
"Jazz Blues","Casual Fireside Grill with Hot Cider","Cozy with Fireplace","Top Deck Hot Tubs","3",8.58893483096415
"Jazz Blues","Casual Fireside Grill with Hot Cider","Cozy with Fireplace","Winter Wellness Spa","1",9.07965538454901
"Jazz Blues","Casual Fireside Grill with Hot Cider","Cozy with Fireplace","Winter Wellness Spa","2",7.34419857660377
"Jazz Blues","Casual Fireside Grill with Hot Cider","Cozy with Fireplace","Winter Wellness Spa","3",5.23121867201235
"Jazz Blues","Casual Fireside Grill with Hot Cider","Cozy with Fireplace","Fireside Live Music","1",6.75695178105258
"Jazz Blues","Casual Fireside Grill with Hot Cider","Cozy with Fireplace","Fireside Live Music","2",5.86287581505023
"Jazz Blues","Casual Fireside Grill with Hot Cider","Cozy with Fireplace","Fireside Live Music","3",7.83995325091355
"Jazz Blues","Casual Fireside Grill with Hot Cider","Nautical Chic","Top Deck Hot Tubs","1",9.46831558482126
"Jazz Blues","Casual Fireside Grill with Hot Cider","Nautical Chic","Top Deck Hot Tubs","2",8.15697252669137
"Jazz Blues","Casual Fireside Grill with Hot Cider","Nautical Chic","Top Deck Hot Tubs","3",6.18974435778136
"Jazz Blues","Casual Fireside Grill with Hot Cider","Nautical Chic","Winter Wellness Spa","1",8.63882247385382
"Jazz Blues","Casual Fireside Grill with Hot Cider","Nautical Chic","Winter Wellness Spa","2",6.27660710685773
"Jazz Blues","Casual Fireside Grill with Hot Cider","Nautical Chic","Winter Wellness Spa","3",4.37563640143778
"Jazz Blues","Casual Fireside Grill with Hot Cider","Nautical Chic","Fireside Live Music","1",8.31090758571479
"Jazz Blues","Casual Fireside Grill with Hot Cider","Nautical Chic","Fireside Live Music","2",5.29925683962511
"Jazz Blues","Casual Fireside Grill with Hot Cider","Nautical Chic","Fireside Live Music","3",7.47667486603011
"Jazz Blues","Casual Fireside Grill with Hot Cider","Romantic Escape","Top Deck Hot Tubs","1",8.61797558907302
"Jazz Blues","Casual Fireside Grill with Hot Cider","Romantic Escape","Top Deck Hot Tubs","2",9.42919022132853
"Jazz Blues","Casual Fireside Grill with Hot Cider","Romantic Escape","Top Deck Hot Tubs","3",6.5729260818883
"Jazz Blues","Casual Fireside Grill with Hot Cider","Romantic Escape","Winter Wellness Spa","1",5.3981030248896
"Jazz Blues","Casual Fireside Grill with Hot Cider","Romantic Escape","Winter Wellness Spa","2",3.6824433089559
"Jazz Blues","Casual Fireside Grill with Hot Cider","Romantic Escape","Winter Wellness Spa","3",3.33375812245363
"Jazz Blues","Casual Fireside Grill with Hot Cider","Romantic Escape","Fireside Live Music","1",7.42670964277582
"Jazz Blues","Casual Fireside Grill with Hot Cider","Romantic Escape","Fireside Live Music","2",5.50783673172617
"Jazz Blues","Casual Fireside Grill with Hot Cider","Romantic Escape","Fireside Live Music","3",4.8962880314612
"Jazz Blues","Casual Fireside Grill with Hot Cider","Modern Minimalist","Top Deck Hot Tubs","1",5.82377278096179
"Jazz Blues","Casual Fireside Grill with Hot Cider","Modern Minimalist","Top Deck Hot Tubs","2",7.28971505367505
"Jazz Blues","Casual Fireside Grill with Hot Cider","Modern Minimalist","Top Deck Hot Tubs","3",7.347457955764
"Jazz Blues","Casual Fireside Grill with Hot Cider","Modern Minimalist","Winter Wellness Spa","1",3.21053129995736
"Jazz Blues","Casual Fireside Grill with Hot Cider","Modern Minimalist","Winter Wellness Spa","2",9.35115731260272
"Jazz Blues","Casual Fireside Grill with Hot Cider","Modern Minimalist","Winter Wellness Spa","3",5.47081274786296
"Jazz Blues","Casual Fireside Grill with Hot Cider","Modern Minimalist","Fireside Live Music","1",4.67577539075175
"Jazz Blues","Casual Fireside Grill with Hot Cider","Modern Minimalist","Fireside Live Music","2",6.51820372154718
"Jazz Blues","Casual Fireside Grill with Hot Cider","Modern Minimalist","Fireside Live Music","3",8.26906623004015
"Acoustic Showcase","Maine Lobster Nova Scotia Seafood Buffet","Cozy with Fireplace","Top Deck Hot Tubs","1",6.37497888253407
"Acoustic Showcase","Maine Lobster Nova Scotia Seafood Buffet","Cozy with Fireplace","Top Deck Hot Tubs","2",9.56735971482787
"Acoustic Showcase","Maine Lobster Nova Scotia Seafood Buffet","Cozy with Fireplace","Top Deck Hot Tubs","3",8.27587126735029
"Acoustic Showcase","Maine Lobster Nova Scotia Seafood Buffet","Cozy with Fireplace","Winter Wellness Spa","1",6.2284944788922
"Acoustic Showcase","Maine Lobster Nova Scotia Seafood Buffet","Cozy with Fireplace","Winter Wellness Spa","2",7.94072801305487
"Acoustic Showcase","Maine Lobster Nova Scotia Seafood Buffet","Cozy with Fireplace","Winter Wellness Spa","3",7.85567817815297
"Acoustic Showcase","Maine Lobster Nova Scotia Seafood Buffet","Cozy with Fireplace","Fireside Live Music","1",8.98716634447145
"Acoustic Showcase","Maine Lobster Nova Scotia Seafood Buffet","Cozy with Fireplace","Fireside Live Music","2",8.80818761468117
"Acoustic Showcase","Maine Lobster Nova Scotia Seafood Buffet","Cozy with Fireplace","Fireside Live Music","3",8.11399132501083
"Acoustic Showcase","Maine Lobster Nova Scotia Seafood Buffet","Nautical Chic","Top Deck Hot Tubs","1",6.50350657884097
"Acoustic Showcase","Maine Lobster Nova Scotia Seafood Buffet","Nautical Chic","Top Deck Hot Tubs","2",6.37976651562327
"Acoustic Showcase","Maine Lobster Nova Scotia Seafood Buffet","Nautical Chic","Top Deck Hot Tubs","3",7.60095780517568
"Acoustic Showcase","Maine Lobster Nova Scotia Seafood Buffet","Nautical Chic","Winter Wellness Spa","1",5.46647525493615
"Acoustic Showcase","Maine Lobster Nova Scotia Seafood Buffet","Nautical Chic","Winter Wellness Spa","2",6.43756643692388
"Acoustic Showcase","Maine Lobster Nova Scotia Seafood Buffet","Nautical Chic","Winter Wellness Spa","3",6.44948503545416
"Acoustic Showcase","Maine Lobster Nova Scotia Seafood Buffet","Nautical Chic","Fireside Live Music","1",7.84266483573082
"Acoustic Showcase","Maine Lobster Nova Scotia Seafood Buffet","Nautical Chic","Fireside Live Music","2",7.86123596962967
"Acoustic Showcase","Maine Lobster Nova Scotia Seafood Buffet","Nautical Chic","Fireside Live Music","3",9.89146914196004
"Acoustic Showcase","Maine Lobster Nova Scotia Seafood Buffet","Romantic Escape","Top Deck Hot Tubs","1",9.7823181569319
"Acoustic Showcase","Maine Lobster Nova Scotia Seafood Buffet","Romantic Escape","Top Deck Hot Tubs","2",9.47685200614165
"Acoustic Showcase","Maine Lobster Nova Scotia Seafood Buffet","Romantic Escape","Top Deck Hot Tubs","3",8.87377539204186
"Acoustic Showcase","Maine Lobster Nova Scotia Seafood Buffet","Romantic Escape","Winter Wellness Spa","1",9.26394283237698
"Acoustic Showcase","Maine Lobster Nova Scotia Seafood Buffet","Romantic Escape","Winter Wellness Spa","2",8.28017868322226
"Acoustic Showcase","Maine Lobster Nova Scotia Seafood Buffet","Romantic Escape","Winter Wellness Spa","3",4.91769475916688
"Acoustic Showcase","Maine Lobster Nova Scotia Seafood Buffet","Romantic Escape","Fireside Live Music","1",4.82343547721629
"Acoustic Showcase","Maine Lobster Nova Scotia Seafood Buffet","Romantic Escape","Fireside Live Music","2",8.77141104086035
"Acoustic Showcase","Maine Lobster Nova Scotia Seafood Buffet","Romantic Escape","Fireside Live Music","3",8.95163744491416
"Acoustic Showcase","Maine Lobster Nova Scotia Seafood Buffet","Modern Minimalist","Top Deck Hot Tubs","1",8.38610190235953
"Acoustic Showcase","Maine Lobster Nova Scotia Seafood Buffet","Modern Minimalist","Top Deck Hot Tubs","2",8.69456829234489
"Acoustic Showcase","Maine Lobster Nova Scotia Seafood Buffet","Modern Minimalist","Top Deck Hot Tubs","3",9.89592300964323
"Acoustic Showcase","Maine Lobster Nova Scotia Seafood Buffet","Modern Minimalist","Winter Wellness Spa","1",6.95342088629394
"Acoustic Showcase","Maine Lobster Nova Scotia Seafood Buffet","Modern Minimalist","Winter Wellness Spa","2",6.94238673898412
"Acoustic Showcase","Maine Lobster Nova Scotia Seafood Buffet","Modern Minimalist","Winter Wellness Spa","3",7.22197420878009
"Acoustic Showcase","Maine Lobster Nova Scotia Seafood Buffet","Modern Minimalist","Fireside Live Music","1",7.67134882368907
"Acoustic Showcase","Maine Lobster Nova Scotia Seafood Buffet","Modern Minimalist","Fireside Live Music","2",7.71422727417724
"Acoustic Showcase","Maine Lobster Nova Scotia Seafood Buffet","Modern Minimalist","Fireside Live Music","3",9.18687391714287
"Acoustic Showcase","Formal Multi-Course Plated","Cozy with Fireplace","Top Deck Hot Tubs","1",5.45322746812832
"Acoustic Showcase","Formal Multi-Course Plated","Cozy with Fireplace","Top Deck Hot Tubs","2",7.44991968707583
"Acoustic Showcase","Formal Multi-Course Plated","Cozy with Fireplace","Top Deck Hot Tubs","3",6.24215249405467
"Acoustic Showcase","Formal Multi-Course Plated","Cozy with Fireplace","Winter Wellness Spa","1",1.16864700645436
"Acoustic Showcase","Formal Multi-Course Plated","Cozy with Fireplace","Winter Wellness Spa","2",7.80327948781091
"Acoustic Showcase","Formal Multi-Course Plated","Cozy with Fireplace","Winter Wellness Spa","3",6.53419768887848
"Acoustic Showcase","Formal Multi-Course Plated","Cozy with Fireplace","Fireside Live Music","1",7.30275704481737
"Acoustic Showcase","Formal Multi-Course Plated","Cozy with Fireplace","Fireside Live Music","2",3.67621392753405
"Acoustic Showcase","Formal Multi-Course Plated","Cozy with Fireplace","Fireside Live Music","3",3.92026894128677
"Acoustic Showcase","Formal Multi-Course Plated","Nautical Chic","Top Deck Hot Tubs","1",7.23128328510977
"Acoustic Showcase","Formal Multi-Course Plated","Nautical Chic","Top Deck Hot Tubs","2",8.12340482977033
"Acoustic Showcase","Formal Multi-Course Plated","Nautical Chic","Top Deck Hot Tubs","3",4.26810954096504
"Acoustic Showcase","Formal Multi-Course Plated","Nautical Chic","Winter Wellness Spa","1",6.88868029504349
"Acoustic Showcase","Formal Multi-Course Plated","Nautical Chic","Winter Wellness Spa","2",7.00254025056229
"Acoustic Showcase","Formal Multi-Course Plated","Nautical Chic","Winter Wellness Spa","3",4.55189126436873
"Acoustic Showcase","Formal Multi-Course Plated","Nautical Chic","Fireside Live Music","1",5.18699798583668
"Acoustic Showcase","Formal Multi-Course Plated","Nautical Chic","Fireside Live Music","2",4.24728026503618
"Acoustic Showcase","Formal Multi-Course Plated","Nautical Chic","Fireside Live Music","3",5.29118000911604
"Acoustic Showcase","Formal Multi-Course Plated","Romantic Escape","Top Deck Hot Tubs","1",4.34081883995923
"Acoustic Showcase","Formal Multi-Course Plated","Romantic Escape","Top Deck Hot Tubs","2",8.25212390579906
"Acoustic Showcase","Formal Multi-Course Plated","Romantic Escape","Top Deck Hot Tubs","3",7.94332414433567
"Acoustic Showcase","Formal Multi-Course Plated","Romantic Escape","Winter Wellness Spa","1",3.63270771148243
"Acoustic Showcase","Formal Multi-Course Plated","Romantic Escape","Winter Wellness Spa","2",5.08463887053738
"Acoustic Showcase","Formal Multi-Course Plated","Romantic Escape","Winter Wellness Spa","3",3.25802762178335
"Acoustic Showcase","Formal Multi-Course Plated","Romantic Escape","Fireside Live Music","1",6.53202916516861
"Acoustic Showcase","Formal Multi-Course Plated","Romantic Escape","Fireside Live Music","2",7.53637622108464
"Acoustic Showcase","Formal Multi-Course Plated","Romantic Escape","Fireside Live Music","3",4.97070979117389
"Acoustic Showcase","Formal Multi-Course Plated","Modern Minimalist","Top Deck Hot Tubs","1",6.64942582595077
"Acoustic Showcase","Formal Multi-Course Plated","Modern Minimalist","Top Deck Hot Tubs","2",6.32718765095259
"Acoustic Showcase","Formal Multi-Course Plated","Modern Minimalist","Top Deck Hot Tubs","3",7.4797905607293
"Acoustic Showcase","Formal Multi-Course Plated","Modern Minimalist","Winter Wellness Spa","1",7.60837181931146
"Acoustic Showcase","Formal Multi-Course Plated","Modern Minimalist","Winter Wellness Spa","2",8.317357275367
"Acoustic Showcase","Formal Multi-Course Plated","Modern Minimalist","Winter Wellness Spa","3",3.10595620749417
"Acoustic Showcase","Formal Multi-Course Plated","Modern Minimalist","Fireside Live Music","1",4.85819620237627
"Acoustic Showcase","Formal Multi-Course Plated","Modern Minimalist","Fireside Live Music","2",6.22516054560741
"Acoustic Showcase","Formal Multi-Course Plated","Modern Minimalist","Fireside Live Music","3",2.74302775876525
"Acoustic Showcase","Coastal Tapas & Tasting Stations","Cozy with Fireplace","Top Deck Hot Tubs","1",5.8875474297142
"Acoustic Showcase","Coastal Tapas & Tasting Stations","Cozy with Fireplace","Top Deck Hot Tubs","2",5.97934428526896
"Acoustic Showcase","Coastal Tapas & Tasting Stations","Cozy with Fireplace","Top Deck Hot Tubs","3",5.22955664273665
"Acoustic Showcase","Coastal Tapas & Tasting Stations","Cozy with Fireplace","Winter Wellness Spa","1",6.13488091846592
"Acoustic Showcase","Coastal Tapas & Tasting Stations","Cozy with Fireplace","Winter Wellness Spa","2",4.86473947628757
"Acoustic Showcase","Coastal Tapas & Tasting Stations","Cozy with Fireplace","Winter Wellness Spa","3",7.41619451200806
"Acoustic Showcase","Coastal Tapas & Tasting Stations","Cozy with Fireplace","Fireside Live Music","1",4.07927195011641
"Acoustic Showcase","Coastal Tapas & Tasting Stations","Cozy with Fireplace","Fireside Live Music","2",7.83834622177684
"Acoustic Showcase","Coastal Tapas & Tasting Stations","Cozy with Fireplace","Fireside Live Music","3",5.04520606701793
"Acoustic Showcase","Coastal Tapas & Tasting Stations","Nautical Chic","Top Deck Hot Tubs","1",7.40573388886178
"Acoustic Showcase","Coastal Tapas & Tasting Stations","Nautical Chic","Top Deck Hot Tubs","2",7.66228704569648
"Acoustic Showcase","Coastal Tapas & Tasting Stations","Nautical Chic","Top Deck Hot Tubs","3",6.93181078803711
"Acoustic Showcase","Coastal Tapas & Tasting Stations","Nautical Chic","Winter Wellness Spa","1",6.92755390305178
"Acoustic Showcase","Coastal Tapas & Tasting Stations","Nautical Chic","Winter Wellness Spa","2",7.17358939995315
"Acoustic Showcase","Coastal Tapas & Tasting Stations","Nautical Chic","Winter Wellness Spa","3",5.40608426117968
"Acoustic Showcase","Coastal Tapas & Tasting Stations","Nautical Chic","Fireside Live Music","1",6.65119593487237
"Acoustic Showcase","Coastal Tapas & Tasting Stations","Nautical Chic","Fireside Live Music","2",7.82464487021277
"Acoustic Showcase","Coastal Tapas & Tasting Stations","Nautical Chic","Fireside Live Music","3",6.84592375109849
"Acoustic Showcase","Coastal Tapas & Tasting Stations","Romantic Escape","Top Deck Hot Tubs","1",6.90991713966924
"Acoustic Showcase","Coastal Tapas & Tasting Stations","Romantic Escape","Top Deck Hot Tubs","2",9.30358310075349
"Acoustic Showcase","Coastal Tapas & Tasting Stations","Romantic Escape","Top Deck Hot Tubs","3",8.58503067217847
"Acoustic Showcase","Coastal Tapas & Tasting Stations","Romantic Escape","Winter Wellness Spa","1",7.39217885095884
"Acoustic Showcase","Coastal Tapas & Tasting Stations","Romantic Escape","Winter Wellness Spa","2",8.58319177254648
"Acoustic Showcase","Coastal Tapas & Tasting Stations","Romantic Escape","Winter Wellness Spa","3",6.10345585054107
"Acoustic Showcase","Coastal Tapas & Tasting Stations","Romantic Escape","Fireside Live Music","1",5.72531058789447
"Acoustic Showcase","Coastal Tapas & Tasting Stations","Romantic Escape","Fireside Live Music","2",6.01522673892421
"Acoustic Showcase","Coastal Tapas & Tasting Stations","Romantic Escape","Fireside Live Music","3",4.6849142483413
"Acoustic Showcase","Coastal Tapas & Tasting Stations","Modern Minimalist","Top Deck Hot Tubs","1",3.41036505856855
"Acoustic Showcase","Coastal Tapas & Tasting Stations","Modern Minimalist","Top Deck Hot Tubs","2",6.32905710055693
"Acoustic Showcase","Coastal Tapas & Tasting Stations","Modern Minimalist","Top Deck Hot Tubs","3",6.50686363626355
"Acoustic Showcase","Coastal Tapas & Tasting Stations","Modern Minimalist","Winter Wellness Spa","1",8.55415062979248
"Acoustic Showcase","Coastal Tapas & Tasting Stations","Modern Minimalist","Winter Wellness Spa","2",5.84269726210395
"Acoustic Showcase","Coastal Tapas & Tasting Stations","Modern Minimalist","Winter Wellness Spa","3",8.55898366445556
"Acoustic Showcase","Coastal Tapas & Tasting Stations","Modern Minimalist","Fireside Live Music","1",5.52103572236725
"Acoustic Showcase","Coastal Tapas & Tasting Stations","Modern Minimalist","Fireside Live Music","2",7.80876985483725
"Acoustic Showcase","Coastal Tapas & Tasting Stations","Modern Minimalist","Fireside Live Music","3",4.84696978200029
"Acoustic Showcase","Casual Fireside Grill with Hot Cider","Cozy with Fireplace","Top Deck Hot Tubs","1",6.38360265084131
"Acoustic Showcase","Casual Fireside Grill with Hot Cider","Cozy with Fireplace","Top Deck Hot Tubs","2",7.80962307363349
"Acoustic Showcase","Casual Fireside Grill with Hot Cider","Cozy with Fireplace","Top Deck Hot Tubs","3",6.22599235715593
"Acoustic Showcase","Casual Fireside Grill with Hot Cider","Cozy with Fireplace","Winter Wellness Spa","1",7.8840860054134
"Acoustic Showcase","Casual Fireside Grill with Hot Cider","Cozy with Fireplace","Winter Wellness Spa","2",7.93621969569806
"Acoustic Showcase","Casual Fireside Grill with Hot Cider","Cozy with Fireplace","Winter Wellness Spa","3",8.01498985604774
"Acoustic Showcase","Casual Fireside Grill with Hot Cider","Cozy with Fireplace","Fireside Live Music","1",5.50059888602295
"Acoustic Showcase","Casual Fireside Grill with Hot Cider","Cozy with Fireplace","Fireside Live Music","2",6.50586877149541
"Acoustic Showcase","Casual Fireside Grill with Hot Cider","Cozy with Fireplace","Fireside Live Music","3",7.62466430596789
"Acoustic Showcase","Casual Fireside Grill with Hot Cider","Nautical Chic","Top Deck Hot Tubs","1",8.18724662721916
"Acoustic Showcase","Casual Fireside Grill with Hot Cider","Nautical Chic","Top Deck Hot Tubs","2",6.72482344301492
"Acoustic Showcase","Casual Fireside Grill with Hot Cider","Nautical Chic","Top Deck Hot Tubs","3",6.59349202382677
"Acoustic Showcase","Casual Fireside Grill with Hot Cider","Nautical Chic","Winter Wellness Spa","1",8.11312613418366
"Acoustic Showcase","Casual Fireside Grill with Hot Cider","Nautical Chic","Winter Wellness Spa","2",6.96167174072314
"Acoustic Showcase","Casual Fireside Grill with Hot Cider","Nautical Chic","Winter Wellness Spa","3",4.08601322538764
"Acoustic Showcase","Casual Fireside Grill with Hot Cider","Nautical Chic","Fireside Live Music","1",5.26380108767886
"Acoustic Showcase","Casual Fireside Grill with Hot Cider","Nautical Chic","Fireside Live Music","2",4.93135552652648
"Acoustic Showcase","Casual Fireside Grill with Hot Cider","Nautical Chic","Fireside Live Music","3",4.10444246927581
"Acoustic Showcase","Casual Fireside Grill with Hot Cider","Romantic Escape","Top Deck Hot Tubs","1",8.39497856485408
"Acoustic Showcase","Casual Fireside Grill with Hot Cider","Romantic Escape","Top Deck Hot Tubs","2",8.15827296757809
"Acoustic Showcase","Casual Fireside Grill with Hot Cider","Romantic Escape","Top Deck Hot Tubs","3",9.98489826038962
"Acoustic Showcase","Casual Fireside Grill with Hot Cider","Romantic Escape","Winter Wellness Spa","1",2.86414229805453
"Acoustic Showcase","Casual Fireside Grill with Hot Cider","Romantic Escape","Winter Wellness Spa","2",9.24700145525506
"Acoustic Showcase","Casual Fireside Grill with Hot Cider","Romantic Escape","Winter Wellness Spa","3",5.41303420509625
"Acoustic Showcase","Casual Fireside Grill with Hot Cider","Romantic Escape","Fireside Live Music","1",6.11489959047523
"Acoustic Showcase","Casual Fireside Grill with Hot Cider","Romantic Escape","Fireside Live Music","2",7.30720763149159
"Acoustic Showcase","Casual Fireside Grill with Hot Cider","Romantic Escape","Fireside Live Music","3",5.82230866281746
"Acoustic Showcase","Casual Fireside Grill with Hot Cider","Modern Minimalist","Top Deck Hot Tubs","1",7.42696479141347
"Acoustic Showcase","Casual Fireside Grill with Hot Cider","Modern Minimalist","Top Deck Hot Tubs","2",6.07863272951828
"Acoustic Showcase","Casual Fireside Grill with Hot Cider","Modern Minimalist","Top Deck Hot Tubs","3",4.40665306697079
"Acoustic Showcase","Casual Fireside Grill with Hot Cider","Modern Minimalist","Winter Wellness Spa","1",5.60255391804101
"Acoustic Showcase","Casual Fireside Grill with Hot Cider","Modern Minimalist","Winter Wellness Spa","2",3.72806697872115
"Acoustic Showcase","Casual Fireside Grill with Hot Cider","Modern Minimalist","Winter Wellness Spa","3",1.82251705154514
"Acoustic Showcase","Casual Fireside Grill with Hot Cider","Modern Minimalist","Fireside Live Music","1",8.26618154892966
"Acoustic Showcase","Casual Fireside Grill with Hot Cider","Modern Minimalist","Fireside Live Music","2",3.20500768464015
"Acoustic Showcase","Casual Fireside Grill with Hot Cider","Modern Minimalist","Fireside Live Music","3",8.38599187752089
"DJ_Dance","Maine Lobster Nova Scotia Seafood Buffet","Cozy with Fireplace","Top Deck Hot Tubs","1",8.37819988865673
"DJ_Dance","Maine Lobster Nova Scotia Seafood Buffet","Cozy with Fireplace","Top Deck Hot Tubs","2",9.05428410443455
"DJ_Dance","Maine Lobster Nova Scotia Seafood Buffet","Cozy with Fireplace","Top Deck Hot Tubs","3",9.28712444523359
"DJ_Dance","Maine Lobster Nova Scotia Seafood Buffet","Cozy with Fireplace","Winter Wellness Spa","1",8.64918172418943
"DJ_Dance","Maine Lobster Nova Scotia Seafood Buffet","Cozy with Fireplace","Winter Wellness Spa","2",7.92014848658
"DJ_Dance","Maine Lobster Nova Scotia Seafood Buffet","Cozy with Fireplace","Winter Wellness Spa","3",5.19188113538382
"DJ_Dance","Maine Lobster Nova Scotia Seafood Buffet","Cozy with Fireplace","Fireside Live Music","1",7.23942368872576
"DJ_Dance","Maine Lobster Nova Scotia Seafood Buffet","Cozy with Fireplace","Fireside Live Music","2",6.05954737612297
"DJ_Dance","Maine Lobster Nova Scotia Seafood Buffet","Cozy with Fireplace","Fireside Live Music","3",6.89071261145437
"DJ_Dance","Maine Lobster Nova Scotia Seafood Buffet","Nautical Chic","Top Deck Hot Tubs","1",8.79422185265359
"DJ_Dance","Maine Lobster Nova Scotia Seafood Buffet","Nautical Chic","Top Deck Hot Tubs","2",9.93510638463513
"DJ_Dance","Maine Lobster Nova Scotia Seafood Buffet","Nautical Chic","Top Deck Hot Tubs","3",9.09940751615296
"DJ_Dance","Maine Lobster Nova Scotia Seafood Buffet","Nautical Chic","Winter Wellness Spa","1",5.33969109305913
"DJ_Dance","Maine Lobster Nova Scotia Seafood Buffet","Nautical Chic","Winter Wellness Spa","2",7.54998657566206
"DJ_Dance","Maine Lobster Nova Scotia Seafood Buffet","Nautical Chic","Winter Wellness Spa","3",6.78628450284202
"DJ_Dance","Maine Lobster Nova Scotia Seafood Buffet","Nautical Chic","Fireside Live Music","1",9.49721481753611
"DJ_Dance","Maine Lobster Nova Scotia Seafood Buffet","Nautical Chic","Fireside Live Music","2",9.28803621478392
"DJ_Dance","Maine Lobster Nova Scotia Seafood Buffet","Nautical Chic","Fireside Live Music","3",7.36212979529243
"DJ_Dance","Maine Lobster Nova Scotia Seafood Buffet","Romantic Escape","Top Deck Hot Tubs","1",6.26324929832604
"DJ_Dance","Maine Lobster Nova Scotia Seafood Buffet","Romantic Escape","Top Deck Hot Tubs","2",8.43655170930972
"DJ_Dance","Maine Lobster Nova Scotia Seafood Buffet","Romantic Escape","Top Deck Hot Tubs","3",8.73353855386374
"DJ_Dance","Maine Lobster Nova Scotia Seafood Buffet","Romantic Escape","Winter Wellness Spa","1",9.34671092266195
"DJ_Dance","Maine Lobster Nova Scotia Seafood Buffet","Romantic Escape","Winter Wellness Spa","2",8.42656051888464
"DJ_Dance","Maine Lobster Nova Scotia Seafood Buffet","Romantic Escape","Winter Wellness Spa","3",6.94783558445888
"DJ_Dance","Maine Lobster Nova Scotia Seafood Buffet","Romantic Escape","Fireside Live Music","1",7.16295205668092
"DJ_Dance","Maine Lobster Nova Scotia Seafood Buffet","Romantic Escape","Fireside Live Music","2",7.3601518538964
"DJ_Dance","Maine Lobster Nova Scotia Seafood Buffet","Romantic Escape","Fireside Live Music","3",7.93340054404631
"DJ_Dance","Maine Lobster Nova Scotia Seafood Buffet","Modern Minimalist","Top Deck Hot Tubs","1",6.35922502547574
"DJ_Dance","Maine Lobster Nova Scotia Seafood Buffet","Modern Minimalist","Top Deck Hot Tubs","2",7.96988223036314
"DJ_Dance","Maine Lobster Nova Scotia Seafood Buffet","Modern Minimalist","Top Deck Hot Tubs","3",9.44099940463127
"DJ_Dance","Maine Lobster Nova Scotia Seafood Buffet","Modern Minimalist","Winter Wellness Spa","1",5.8126317895197
"DJ_Dance","Maine Lobster Nova Scotia Seafood Buffet","Modern Minimalist","Winter Wellness Spa","2",6.61997170249772
"DJ_Dance","Maine Lobster Nova Scotia Seafood Buffet","Modern Minimalist","Winter Wellness Spa","3",6.08041441702971
"DJ_Dance","Maine Lobster Nova Scotia Seafood Buffet","Modern Minimalist","Fireside Live Music","1",6.02700655067857
"DJ_Dance","Maine Lobster Nova Scotia Seafood Buffet","Modern Minimalist","Fireside Live Music","2",4.6507722137588
"DJ_Dance","Maine Lobster Nova Scotia Seafood Buffet","Modern Minimalist","Fireside Live Music","3",5.61332120755212
"DJ_Dance","Formal Multi-Course Plated","Cozy with Fireplace","Top Deck Hot Tubs","1",7.21096443456643
"DJ_Dance","Formal Multi-Course Plated","Cozy with Fireplace","Top Deck Hot Tubs","2",8.70810868079072
"DJ_Dance","Formal Multi-Course Plated","Cozy with Fireplace","Top Deck Hot Tubs","3",4.33076640597393
"DJ_Dance","Formal Multi-Course Plated","Cozy with Fireplace","Winter Wellness Spa","1",8.11386143098223
"DJ_Dance","Formal Multi-Course Plated","Cozy with Fireplace","Winter Wellness Spa","2",8.20632608689887
"DJ_Dance","Formal Multi-Course Plated","Cozy with Fireplace","Winter Wellness Spa","3",1.15158832769301
"DJ_Dance","Formal Multi-Course Plated","Cozy with Fireplace","Fireside Live Music","1",1.73208791533513
"DJ_Dance","Formal Multi-Course Plated","Cozy with Fireplace","Fireside Live Music","2",5.59262511028864
"DJ_Dance","Formal Multi-Course Plated","Cozy with Fireplace","Fireside Live Music","3",4.72841185665741
"DJ_Dance","Formal Multi-Course Plated","Nautical Chic","Top Deck Hot Tubs","1",3.94802058526931
"DJ_Dance","Formal Multi-Course Plated","Nautical Chic","Top Deck Hot Tubs","2",6.23390703358015
"DJ_Dance","Formal Multi-Course Plated","Nautical Chic","Top Deck Hot Tubs","3",2.02193414834125
"DJ_Dance","Formal Multi-Course Plated","Nautical Chic","Winter Wellness Spa","1",2.37940477380235
"DJ_Dance","Formal Multi-Course Plated","Nautical Chic","Winter Wellness Spa","2",4.19407853810886
"DJ_Dance","Formal Multi-Course Plated","Nautical Chic","Winter Wellness Spa","3",5.73013359106764
"DJ_Dance","Formal Multi-Course Plated","Nautical Chic","Fireside Live Music","1",7.83148506680872
"DJ_Dance","Formal Multi-Course Plated","Nautical Chic","Fireside Live Music","2",4.27676036828011
"DJ_Dance","Formal Multi-Course Plated","Nautical Chic","Fireside Live Music","3",4.39528298328443
"DJ_Dance","Formal Multi-Course Plated","Romantic Escape","Top Deck Hot Tubs","1",2.02516931809352
"DJ_Dance","Formal Multi-Course Plated","Romantic Escape","Top Deck Hot Tubs","2",3.16622119990814
"DJ_Dance","Formal Multi-Course Plated","Romantic Escape","Top Deck Hot Tubs","3",4.13825816124509
"DJ_Dance","Formal Multi-Course Plated","Romantic Escape","Winter Wellness Spa","1",6.83404171266955
"DJ_Dance","Formal Multi-Course Plated","Romantic Escape","Winter Wellness Spa","2",3.00919943221434
"DJ_Dance","Formal Multi-Course Plated","Romantic Escape","Winter Wellness Spa","3",2.18812742874873
"DJ_Dance","Formal Multi-Course Plated","Romantic Escape","Fireside Live Music","1",4.49668807940735
"DJ_Dance","Formal Multi-Course Plated","Romantic Escape","Fireside Live Music","2",7.68052464244627
"DJ_Dance","Formal Multi-Course Plated","Romantic Escape","Fireside Live Music","3",4.29428200349502
"DJ_Dance","Formal Multi-Course Plated","Modern Minimalist","Top Deck Hot Tubs","1",7.74804483600201
"DJ_Dance","Formal Multi-Course Plated","Modern Minimalist","Top Deck Hot Tubs","2",4.04596156490677
"DJ_Dance","Formal Multi-Course Plated","Modern Minimalist","Top Deck Hot Tubs","3",6.29656849750812
"DJ_Dance","Formal Multi-Course Plated","Modern Minimalist","Winter Wellness Spa","1",5.38638578335219
"DJ_Dance","Formal Multi-Course Plated","Modern Minimalist","Winter Wellness Spa","2",5.08797712075735
"DJ_Dance","Formal Multi-Course Plated","Modern Minimalist","Winter Wellness Spa","3",1.90326793811853
"DJ_Dance","Formal Multi-Course Plated","Modern Minimalist","Fireside Live Music","1",2.62436699984853
"DJ_Dance","Formal Multi-Course Plated","Modern Minimalist","Fireside Live Music","2",3.95445948327444
"DJ_Dance","Formal Multi-Course Plated","Modern Minimalist","Fireside Live Music","3",1.39552453876485
"DJ_Dance","Coastal Tapas & Tasting Stations","Cozy with Fireplace","Top Deck Hot Tubs","1",7.70632780689331
"DJ_Dance","Coastal Tapas & Tasting Stations","Cozy with Fireplace","Top Deck Hot Tubs","2",8.40571150448407
"DJ_Dance","Coastal Tapas & Tasting Stations","Cozy with Fireplace","Top Deck Hot Tubs","3",6.70597029165404
"DJ_Dance","Coastal Tapas & Tasting Stations","Cozy with Fireplace","Winter Wellness Spa","1",3.49191505217544
"DJ_Dance","Coastal Tapas & Tasting Stations","Cozy with Fireplace","Winter Wellness Spa","2",8.54752378781444
"DJ_Dance","Coastal Tapas & Tasting Stations","Cozy with Fireplace","Winter Wellness Spa","3",5.57840030665694
"DJ_Dance","Coastal Tapas & Tasting Stations","Cozy with Fireplace","Fireside Live Music","1",7.01004507193983
"DJ_Dance","Coastal Tapas & Tasting Stations","Cozy with Fireplace","Fireside Live Music","2",7.73339604881886
"DJ_Dance","Coastal Tapas & Tasting Stations","Cozy with Fireplace","Fireside Live Music","3",5.99496642482582
"DJ_Dance","Coastal Tapas & Tasting Stations","Nautical Chic","Top Deck Hot Tubs","1",6.95284970597906
"DJ_Dance","Coastal Tapas & Tasting Stations","Nautical Chic","Top Deck Hot Tubs","2",4.56360992221546
"DJ_Dance","Coastal Tapas & Tasting Stations","Nautical Chic","Top Deck Hot Tubs","3",6.85812755411784
"DJ_Dance","Coastal Tapas & Tasting Stations","Nautical Chic","Winter Wellness Spa","1",7.36881831871563
"DJ_Dance","Coastal Tapas & Tasting Stations","Nautical Chic","Winter Wellness Spa","2",7.23843979033814
"DJ_Dance","Coastal Tapas & Tasting Stations","Nautical Chic","Winter Wellness Spa","3",4.58002044872704
"DJ_Dance","Coastal Tapas & Tasting Stations","Nautical Chic","Fireside Live Music","1",6.02127182793379
"DJ_Dance","Coastal Tapas & Tasting Stations","Nautical Chic","Fireside Live Music","2",7.50903506314689
"DJ_Dance","Coastal Tapas & Tasting Stations","Nautical Chic","Fireside Live Music","3",7.64218175859772
"DJ_Dance","Coastal Tapas & Tasting Stations","Romantic Escape","Top Deck Hot Tubs","1",7.29095812387004
"DJ_Dance","Coastal Tapas & Tasting Stations","Romantic Escape","Top Deck Hot Tubs","2",9.26088237499927
"DJ_Dance","Coastal Tapas & Tasting Stations","Romantic Escape","Top Deck Hot Tubs","3",5.51376997304747
"DJ_Dance","Coastal Tapas & Tasting Stations","Romantic Escape","Winter Wellness Spa","1",5.56414237913249
"DJ_Dance","Coastal Tapas & Tasting Stations","Romantic Escape","Winter Wellness Spa","2",5.32943473213035
"DJ_Dance","Coastal Tapas & Tasting Stations","Romantic Escape","Winter Wellness Spa","3",6.34271996778879
"DJ_Dance","Coastal Tapas & Tasting Stations","Romantic Escape","Fireside Live Music","1",6.28612240689394
"DJ_Dance","Coastal Tapas & Tasting Stations","Romantic Escape","Fireside Live Music","2",6.49490105650432
"DJ_Dance","Coastal Tapas & Tasting Stations","Romantic Escape","Fireside Live Music","3",3.14688107133203
"DJ_Dance","Coastal Tapas & Tasting Stations","Modern Minimalist","Top Deck Hot Tubs","1",4.94393017784317
"DJ_Dance","Coastal Tapas & Tasting Stations","Modern Minimalist","Top Deck Hot Tubs","2",8.54491078756699
"DJ_Dance","Coastal Tapas & Tasting Stations","Modern Minimalist","Top Deck Hot Tubs","3",3.20280764901728
"DJ_Dance","Coastal Tapas & Tasting Stations","Modern Minimalist","Winter Wellness Spa","1",3.35680901772643
"DJ_Dance","Coastal Tapas & Tasting Stations","Modern Minimalist","Winter Wellness Spa","2",6.87748063640453
"DJ_Dance","Coastal Tapas & Tasting Stations","Modern Minimalist","Winter Wellness Spa","3",6.53938673623537
"DJ_Dance","Coastal Tapas & Tasting Stations","Modern Minimalist","Fireside Live Music","1",5.09560795984041
"DJ_Dance","Coastal Tapas & Tasting Stations","Modern Minimalist","Fireside Live Music","2",6.71327328017787
"DJ_Dance","Coastal Tapas & Tasting Stations","Modern Minimalist","Fireside Live Music","3",1.33915475127685
"DJ_Dance","Casual Fireside Grill with Hot Cider","Cozy with Fireplace","Top Deck Hot Tubs","1",2.70870324148541
"DJ_Dance","Casual Fireside Grill with Hot Cider","Cozy with Fireplace","Top Deck Hot Tubs","2",5.77156299664895
"DJ_Dance","Casual Fireside Grill with Hot Cider","Cozy with Fireplace","Top Deck Hot Tubs","3",3.52023980418249
"DJ_Dance","Casual Fireside Grill with Hot Cider","Cozy with Fireplace","Winter Wellness Spa","1",5.39361989416988
"DJ_Dance","Casual Fireside Grill with Hot Cider","Cozy with Fireplace","Winter Wellness Spa","2",3.49618556460903
"DJ_Dance","Casual Fireside Grill with Hot Cider","Cozy with Fireplace","Winter Wellness Spa","3",7.50512142360916
"DJ_Dance","Casual Fireside Grill with Hot Cider","Cozy with Fireplace","Fireside Live Music","1",6.77240675018567
"DJ_Dance","Casual Fireside Grill with Hot Cider","Cozy with Fireplace","Fireside Live Music","2",2.71338189822795
"DJ_Dance","Casual Fireside Grill with Hot Cider","Cozy with Fireplace","Fireside Live Music","3",3.23722540896558
"DJ_Dance","Casual Fireside Grill with Hot Cider","Nautical Chic","Top Deck Hot Tubs","1",9.36605728886369
"DJ_Dance","Casual Fireside Grill with Hot Cider","Nautical Chic","Top Deck Hot Tubs","2",7.03484662499201
"DJ_Dance","Casual Fireside Grill with Hot Cider","Nautical Chic","Top Deck Hot Tubs","3",6.78692715399253
"DJ_Dance","Casual Fireside Grill with Hot Cider","Nautical Chic","Winter Wellness Spa","1",4.78649236292388
"DJ_Dance","Casual Fireside Grill with Hot Cider","Nautical Chic","Winter Wellness Spa","2",6.0767763897006
"DJ_Dance","Casual Fireside Grill with Hot Cider","Nautical Chic","Winter Wellness Spa","3",6.38308873971259
"DJ_Dance","Casual Fireside Grill with Hot Cider","Nautical Chic","Fireside Live Music","1",6.26798794970565
"DJ_Dance","Casual Fireside Grill with Hot Cider","Nautical Chic","Fireside Live Music","2",6.04458455862899
"DJ_Dance","Casual Fireside Grill with Hot Cider","Nautical Chic","Fireside Live Music","3",5.23565210176757
"DJ_Dance","Casual Fireside Grill with Hot Cider","Romantic Escape","Top Deck Hot Tubs","1",5.64875911376171
"DJ_Dance","Casual Fireside Grill with Hot Cider","Romantic Escape","Top Deck Hot Tubs","2",5.39693558440078
"DJ_Dance","Casual Fireside Grill with Hot Cider","Romantic Escape","Top Deck Hot Tubs","3",6.68381452757146
"DJ_Dance","Casual Fireside Grill with Hot Cider","Romantic Escape","Winter Wellness Spa","1",3.89429744630292
"DJ_Dance","Casual Fireside Grill with Hot Cider","Romantic Escape","Winter Wellness Spa","2",6.64802480866587
"DJ_Dance","Casual Fireside Grill with Hot Cider","Romantic Escape","Winter Wellness Spa","3",4.04888500555005
"DJ_Dance","Casual Fireside Grill with Hot Cider","Romantic Escape","Fireside Live Music","1",6.64583237118663
"DJ_Dance","Casual Fireside Grill with Hot Cider","Romantic Escape","Fireside Live Music","2",7.4619400042888
"DJ_Dance","Casual Fireside Grill with Hot Cider","Romantic Escape","Fireside Live Music","3",0.96539121565746
"DJ_Dance","Casual Fireside Grill with Hot Cider","Modern Minimalist","Top Deck Hot Tubs","1",8.92535847335947
"DJ_Dance","Casual Fireside Grill with Hot Cider","Modern Minimalist","Top Deck Hot Tubs","2",6.27845470969383
"DJ_Dance","Casual Fireside Grill with Hot Cider","Modern Minimalist","Top Deck Hot Tubs","3",3.28385380889819
"DJ_Dance","Casual Fireside Grill with Hot Cider","Modern Minimalist","Winter Wellness Spa","1",6.42533471509721
"DJ_Dance","Casual Fireside Grill with Hot Cider","Modern Minimalist","Winter Wellness Spa","2",3.2758348106322
"DJ_Dance","Casual Fireside Grill with Hot Cider","Modern Minimalist","Winter Wellness Spa","3",5.47807800552972
"DJ_Dance","Casual Fireside Grill with Hot Cider","Modern Minimalist","Fireside Live Music","1",6.43968361790458
"DJ_Dance","Casual Fireside Grill with Hot Cider","Modern Minimalist","Fireside Live Music","2",3.0691322011997
"DJ_Dance","Casual Fireside Grill with Hot Cider","Modern Minimalist","Fireside Live Music","3",6.19662755006251
